label,family,algo,n,m,k,m_req,k_req,us,matches,skipped,seed,experiment,sigma,case
dna_s42,dna,brute,5000,14,2,16,2,0.0,3.0,False,42.0,1_families,,
dna_s42,dna,sellers,5000,14,2,16,2,0.0,4.0,False,42.0,1_families,,
dna_s42,dna,pigeonhole,5000,14,2,16,2,0.0,4.0,False,42.0,1_families,,
dna_s42,dna,seed,5000,14,2,16,2,0.0,0.0,False,42.0,1_families,,
dna_s7,dna,brute,5000,17,2,16,2,0.0,1.0,False,7.0,1_families,,
dna_s7,dna,sellers,5000,17,2,16,2,0.0,2.0,False,7.0,1_families,,
dna_s7,dna,pigeonhole,5000,17,2,16,2,0.0,2.0,False,7.0,1_families,,
dna_s7,dna,seed,5000,17,2,16,2,0.0,0.0,False,7.0,1_families,,
dna_s1729,dna,brute,5000,15,2,16,2,0.0,1.0,False,1729.0,1_families,,
dna_s1729,dna,sellers,5000,15,2,16,2,0.0,3.0,False,1729.0,1_families,,
dna_s1729,dna,pigeonhole,5000,15,2,16,2,0.0,3.0,False,1729.0,1_families,,
dna_s1729,dna,seed,5000,15,2,16,2,0.0,1.0,False,1729.0,1_families,,
dna_s31337,dna,brute,5000,15,2,16,2,0.0,1.0,False,31337.0,1_families,,
dna_s31337,dna,sellers,5000,15,2,16,2,0.0,1.0,False,31337.0,1_families,,
dna_s31337,dna,pigeonhole,5000,15,2,16,2,0.0,1.0,False,31337.0,1_families,,
dna_s31337,dna,seed,5000,15,2,16,2,0.0,0.0,False,31337.0,1_families,,
dna_s271828,dna,brute,5000,15,2,16,2,999.0,1.0,False,271828.0,1_families,,
dna_s271828,dna,sellers,5000,15,2,16,2,633.0,1.0,False,271828.0,1_families,,
dna_s271828,dna,pigeonhole,5000,15,2,16,2,0.0,1.0,False,271828.0,1_families,,
dna_s271828,dna,seed,5000,15,2,16,2,0.0,0.0,False,271828.0,1_families,,
english_s42,english,brute,5000,14,2,16,2,511.0,3.0,False,42.0,1_families,,
english_s42,english,sellers,5000,14,2,16,2,0.0,3.0,False,42.0,1_families,,
english_s42,english,pigeonhole,5000,14,2,16,2,0.0,3.0,False,42.0,1_families,,
english_s42,english,seed,5000,14,2,16,2,1673.0,0.0,False,42.0,1_families,,
english_s7,english,brute,5000,17,2,16,2,0.0,1.0,False,7.0,1_families,,
english_s7,english,sellers,5000,17,2,16,2,0.0,2.0,False,7.0,1_families,,
english_s7,english,pigeonhole,5000,17,2,16,2,0.0,2.0,False,7.0,1_families,,
english_s7,english,seed,5000,17,2,16,2,999.0,0.0,False,7.0,1_families,,
english_s1729,english,brute,5000,15,2,16,2,0.0,1.0,False,1729.0,1_families,,
english_s1729,english,sellers,5000,15,2,16,2,0.0,3.0,False,1729.0,1_families,,
english_s1729,english,pigeonhole,5000,15,2,16,2,0.0,3.0,False,1729.0,1_families,,
english_s1729,english,seed,5000,15,2,16,2,1930.0,1.0,False,1729.0,1_families,,
english_s31337,english,brute,5000,15,2,16,2,0.0,1.0,False,31337.0,1_families,,
english_s31337,english,sellers,5000,15,2,16,2,0.0,1.0,False,31337.0,1_families,,
english_s31337,english,pigeonhole,5000,15,2,16,2,0.0,1.0,False,31337.0,1_families,,
english_s31337,english,seed,5000,15,2,16,2,0.0,0.0,False,31337.0,1_families,,
english_s271828,english,brute,5000,15,2,16,2,0.0,1.0,False,271828.0,1_families,,
english_s271828,english,sellers,5000,15,2,16,2,0.0,1.0,False,271828.0,1_families,,
english_s271828,english,pigeonhole,5000,15,2,16,2,0.0,1.0,False,271828.0,1_families,,
english_s271828,english,seed,5000,15,2,16,2,1033.0,0.0,False,271828.0,1_families,,
binary_s42,binary,brute,5000,14,2,16,2,0.0,127.0,False,42.0,1_families,,
binary_s42,binary,sellers,5000,14,2,16,2,0.0,132.0,False,42.0,1_families,,
binary_s42,binary,pigeonhole,5000,14,2,16,2,1763.0,132.0,False,42.0,1_families,,
binary_s42,binary,seed,5000,14,2,16,2,966.0,35.0,False,42.0,1_families,,
binary_s7,binary,brute,5000,17,2,16,2,0.0,29.0,False,7.0,1_families,,
binary_s7,binary,sellers,5000,17,2,16,2,0.0,32.0,False,7.0,1_families,,
binary_s7,binary,pigeonhole,5000,17,2,16,2,1109.0,32.0,False,7.0,1_families,,
binary_s7,binary,seed,5000,17,2,16,2,0.0,7.0,False,7.0,1_families,,
binary_s1729,binary,brute,5000,15,2,16,2,999.0,40.0,False,1729.0,1_families,,
binary_s1729,binary,sellers,5000,15,2,16,2,999.0,42.0,False,1729.0,1_families,,
binary_s1729,binary,pigeonhole,5000,15,2,16,2,0.0,42.0,False,1729.0,1_families,,
binary_s1729,binary,seed,5000,15,2,16,2,0.0,16.0,False,1729.0,1_families,,
binary_s31337,binary,brute,5000,15,2,16,2,1112.0,90.0,False,31337.0,1_families,,
binary_s31337,binary,sellers,5000,15,2,16,2,0.0,85.0,False,31337.0,1_families,,
binary_s31337,binary,pigeonhole,5000,15,2,16,2,0.0,85.0,False,31337.0,1_families,,
binary_s31337,binary,seed,5000,15,2,16,2,0.0,16.0,False,31337.0,1_families,,
binary_s271828,binary,brute,5000,15,2,16,2,937.0,60.0,False,271828.0,1_families,,
binary_s271828,binary,sellers,5000,15,2,16,2,0.0,69.0,False,271828.0,1_families,,
binary_s271828,binary,pigeonhole,5000,15,2,16,2,0.0,69.0,False,271828.0,1_families,,
binary_s271828,binary,seed,5000,15,2,16,2,0.0,17.0,False,271828.0,1_families,,
repetitive_s42,repetitive,brute,5000,16,2,16,2,2071.0,4977.0,False,42.0,1_families,,
repetitive_s42,repetitive,sellers,5000,16,2,16,2,0.0,4976.0,False,42.0,1_families,,
repetitive_s42,repetitive,pigeonhole,5000,16,2,16,2,17891.0,4976.0,False,42.0,1_families,,
repetitive_s42,repetitive,seed,5000,16,2,16,2,3149.0,4969.0,False,42.0,1_families,,
repetitive_s7,repetitive,brute,5000,16,2,16,2,2544.0,4814.0,False,7.0,1_families,,
repetitive_s7,repetitive,sellers,5000,16,2,16,2,0.0,4764.0,False,7.0,1_families,,
repetitive_s7,repetitive,pigeonhole,5000,16,2,16,2,18381.0,4764.0,False,7.0,1_families,,
repetitive_s7,repetitive,seed,5000,16,2,16,2,2842.0,4642.0,False,7.0,1_families,,
repetitive_s1729,repetitive,brute,5000,14,2,16,2,0.0,4960.0,False,1729.0,1_families,,
repetitive_s1729,repetitive,sellers,5000,14,2,16,2,387.0,4963.0,False,1729.0,1_families,,
repetitive_s1729,repetitive,pigeonhole,5000,14,2,16,2,31236.0,4963.0,False,1729.0,1_families,,
repetitive_s1729,repetitive,seed,5000,14,2,16,2,3433.0,4957.0,False,1729.0,1_families,,
repetitive_s31337,repetitive,brute,5000,16,2,16,2,1028.0,4985.0,False,31337.0,1_families,,
repetitive_s31337,repetitive,sellers,5000,16,2,16,2,0.0,4985.0,False,31337.0,1_families,,
repetitive_s31337,repetitive,pigeonhole,5000,16,2,16,2,33956.0,4985.0,False,31337.0,1_families,,
repetitive_s31337,repetitive,seed,5000,16,2,16,2,0.0,4985.0,False,31337.0,1_families,,
repetitive_s271828,repetitive,brute,5000,17,2,16,2,0.0,4763.0,False,271828.0,1_families,,
repetitive_s271828,repetitive,sellers,5000,17,2,16,2,0.0,4759.0,False,271828.0,1_families,,
repetitive_s271828,repetitive,pigeonhole,5000,17,2,16,2,10821.0,4759.0,False,271828.0,1_families,,
repetitive_s271828,repetitive,seed,5000,17,2,16,2,997.0,4612.0,False,271828.0,1_families,,
low_entropy_dna_s42,low_entropy_dna,brute,5000,14,2,16,2,0.0,4.0,False,42.0,1_families,,
low_entropy_dna_s42,low_entropy_dna,sellers,5000,14,2,16,2,0.0,6.0,False,42.0,1_families,,
low_entropy_dna_s42,low_entropy_dna,pigeonhole,5000,14,2,16,2,683.0,6.0,False,42.0,1_families,,
low_entropy_dna_s42,low_entropy_dna,seed,5000,14,2,16,2,0.0,1.0,False,42.0,1_families,,
low_entropy_dna_s7,low_entropy_dna,brute,5000,17,2,16,2,0.0,1.0,False,7.0,1_families,,
low_entropy_dna_s7,low_entropy_dna,sellers,5000,17,2,16,2,0.0,2.0,False,7.0,1_families,,
low_entropy_dna_s7,low_entropy_dna,pigeonhole,5000,17,2,16,2,0.0,2.0,False,7.0,1_families,,
low_entropy_dna_s7,low_entropy_dna,seed,5000,17,2,16,2,0.0,0.0,False,7.0,1_families,,
low_entropy_dna_s1729,low_entropy_dna,brute,5000,15,2,16,2,0.0,3.0,False,1729.0,1_families,,
low_entropy_dna_s1729,low_entropy_dna,sellers,5000,15,2,16,2,0.0,3.0,False,1729.0,1_families,,
low_entropy_dna_s1729,low_entropy_dna,pigeonhole,5000,15,2,16,2,0.0,3.0,False,1729.0,1_families,,
low_entropy_dna_s1729,low_entropy_dna,seed,5000,15,2,16,2,0.0,1.0,False,1729.0,1_families,,
low_entropy_dna_s31337,low_entropy_dna,brute,5000,15,2,16,2,1003.0,3.0,False,31337.0,1_families,,
low_entropy_dna_s31337,low_entropy_dna,sellers,5000,15,2,16,2,0.0,1.0,False,31337.0,1_families,,
low_entropy_dna_s31337,low_entropy_dna,pigeonhole,5000,15,2,16,2,0.0,1.0,False,31337.0,1_families,,
low_entropy_dna_s31337,low_entropy_dna,seed,5000,15,2,16,2,0.0,1.0,False,31337.0,1_families,,
low_entropy_dna_s271828,low_entropy_dna,brute,5000,15,2,16,2,0.0,3.0,False,271828.0,1_families,,
low_entropy_dna_s271828,low_entropy_dna,sellers,5000,15,2,16,2,523.0,3.0,False,271828.0,1_families,,
low_entropy_dna_s271828,low_entropy_dna,pigeonhole,5000,15,2,16,2,0.0,3.0,False,271828.0,1_families,,
low_entropy_dna_s271828,low_entropy_dna,seed,5000,15,2,16,2,0.0,0.0,False,271828.0,1_families,,
adversarial_s42,adversarial,brute,5000,16,2,16,2,997.0,1.0,False,42.0,1_families,,
adversarial_s42,adversarial,sellers,5000,16,2,16,2,0.0,1.0,False,42.0,1_families,,
adversarial_s42,adversarial,pigeonhole,5000,16,2,16,2,0.0,1.0,False,42.0,1_families,,
adversarial_s42,adversarial,seed,5000,16,2,16,2,0.0,0.0,False,42.0,1_families,,
adversarial_s7,adversarial,brute,5000,15,2,16,2,0.0,1.0,False,7.0,1_families,,
adversarial_s7,adversarial,sellers,5000,15,2,16,2,0.0,1.0,False,7.0,1_families,,
adversarial_s7,adversarial,pigeonhole,5000,15,2,16,2,0.0,1.0,False,7.0,1_families,,
adversarial_s7,adversarial,seed,5000,15,2,16,2,0.0,0.0,False,7.0,1_families,,
adversarial_s1729,adversarial,brute,5000,14,2,16,2,0.0,3.0,False,1729.0,1_families,,
adversarial_s1729,adversarial,sellers,5000,14,2,16,2,0.0,3.0,False,1729.0,1_families,,
adversarial_s1729,adversarial,pigeonhole,5000,14,2,16,2,0.0,3.0,False,1729.0,1_families,,
adversarial_s1729,adversarial,seed,5000,14,2,16,2,0.0,0.0,False,1729.0,1_families,,
adversarial_s31337,adversarial,brute,5000,17,2,16,2,0.0,1.0,False,31337.0,1_families,,
adversarial_s31337,adversarial,sellers,5000,17,2,16,2,0.0,1.0,False,31337.0,1_families,,
adversarial_s31337,adversarial,pigeonhole,5000,17,2,16,2,0.0,1.0,False,31337.0,1_families,,
adversarial_s31337,adversarial,seed,5000,17,2,16,2,0.0,0.0,False,31337.0,1_families,,
adversarial_s271828,adversarial,brute,5000,16,2,16,2,0.0,3.0,False,271828.0,1_families,,
adversarial_s271828,adversarial,sellers,5000,16,2,16,2,0.0,3.0,False,271828.0,1_families,,
adversarial_s271828,adversarial,pigeonhole,5000,16,2,16,2,0.0,3.0,False,271828.0,1_families,,
adversarial_s271828,adversarial,seed,5000,16,2,16,2,0.0,0.0,False,271828.0,1_families,,
real_dna_s42,real_dna,brute,5000,14,2,16,2,0.0,3.0,False,42.0,1_families,,
real_dna_s42,real_dna,sellers,5000,14,2,16,2,0.0,4.0,False,42.0,1_families,,
real_dna_s42,real_dna,pigeonhole,5000,14,2,16,2,0.0,4.0,False,42.0,1_families,,
real_dna_s42,real_dna,seed,5000,14,2,16,2,0.0,1.0,False,42.0,1_families,,
real_dna_s7,real_dna,brute,5000,15,2,16,2,0.0,1.0,False,7.0,1_families,,
real_dna_s7,real_dna,sellers,5000,15,2,16,2,0.0,1.0,False,7.0,1_families,,
real_dna_s7,real_dna,pigeonhole,5000,15,2,16,2,0.0,1.0,False,7.0,1_families,,
real_dna_s7,real_dna,seed,5000,15,2,16,2,0.0,0.0,False,7.0,1_families,,
real_dna_s1729,real_dna,brute,5000,16,2,16,2,0.0,5.0,False,1729.0,1_families,,
real_dna_s1729,real_dna,sellers,5000,16,2,16,2,0.0,5.0,False,1729.0,1_families,,
real_dna_s1729,real_dna,pigeonhole,5000,16,2,16,2,0.0,5.0,False,1729.0,1_families,,
real_dna_s1729,real_dna,seed,5000,16,2,16,2,0.0,1.0,False,1729.0,1_families,,
real_dna_s31337,real_dna,brute,5000,16,2,16,2,0.0,1.0,False,31337.0,1_families,,
real_dna_s31337,real_dna,sellers,5000,16,2,16,2,0.0,1.0,False,31337.0,1_families,,
real_dna_s31337,real_dna,pigeonhole,5000,16,2,16,2,0.0,1.0,False,31337.0,1_families,,
real_dna_s31337,real_dna,seed,5000,16,2,16,2,0.0,1.0,False,31337.0,1_families,,
real_dna_s271828,real_dna,brute,5000,17,2,16,2,0.0,1.0,False,271828.0,1_families,,
real_dna_s271828,real_dna,sellers,5000,17,2,16,2,0.0,1.0,False,271828.0,1_families,,
real_dna_s271828,real_dna,pigeonhole,5000,17,2,16,2,0.0,1.0,False,271828.0,1_families,,
real_dna_s271828,real_dna,seed,5000,17,2,16,2,0.0,0.0,False,271828.0,1_families,,
real_english_s42,real_english,brute,5000,16,2,16,2,0.0,3.0,False,42.0,1_families,,
real_english_s42,real_english,sellers,5000,16,2,16,2,0.0,3.0,False,42.0,1_families,,
real_english_s42,real_english,pigeonhole,5000,16,2,16,2,0.0,3.0,False,42.0,1_families,,
real_english_s42,real_english,seed,5000,16,2,16,2,0.0,3.0,False,42.0,1_families,,
real_english_s7,real_english,brute,5000,16,2,16,2,0.0,3.0,False,7.0,1_families,,
real_english_s7,real_english,sellers,5000,16,2,16,2,0.0,3.0,False,7.0,1_families,,
real_english_s7,real_english,pigeonhole,5000,16,2,16,2,0.0,3.0,False,7.0,1_families,,
real_english_s7,real_english,seed,5000,16,2,16,2,0.0,3.0,False,7.0,1_families,,
real_english_s1729,real_english,brute,5000,16,2,16,2,0.0,12.0,False,1729.0,1_families,,
real_english_s1729,real_english,sellers,5000,16,2,16,2,0.0,4.0,False,1729.0,1_families,,
real_english_s1729,real_english,pigeonhole,5000,16,2,16,2,0.0,4.0,False,1729.0,1_families,,
real_english_s1729,real_english,seed,5000,16,2,16,2,0.0,0.0,False,1729.0,1_families,,
real_english_s31337,real_english,brute,5000,16,2,16,2,1127.0,4.0,False,31337.0,1_families,,
real_english_s31337,real_english,sellers,5000,16,2,16,2,0.0,4.0,False,31337.0,1_families,,
real_english_s31337,real_english,pigeonhole,5000,16,2,16,2,0.0,4.0,False,31337.0,1_families,,
real_english_s31337,real_english,seed,5000,16,2,16,2,0.0,4.0,False,31337.0,1_families,,
real_english_s271828,real_english,brute,5000,15,2,16,2,0.0,3.0,False,271828.0,1_families,,
real_english_s271828,real_english,sellers,5000,15,2,16,2,0.0,3.0,False,271828.0,1_families,,
real_english_s271828,real_english,pigeonhole,5000,15,2,16,2,0.0,3.0,False,271828.0,1_families,,
real_english_s271828,real_english,seed,5000,15,2,16,2,0.0,0.0,False,271828.0,1_families,,
dna_s42,dna,brute,10000,20,2,20,2,0.0,3.0,False,42.0,2_scaling_n,,
dna_s42,dna,sellers,10000,20,2,20,2,997.0,1.0,False,42.0,2_scaling_n,,
dna_s42,dna,pigeonhole,10000,20,2,20,2,0.0,1.0,False,42.0,2_scaling_n,,
dna_s42,dna,seed,10000,20,2,20,2,0.0,1.0,False,42.0,2_scaling_n,,
dna_s7,dna,brute,10000,20,2,20,2,0.0,1.0,False,7.0,2_scaling_n,,
dna_s7,dna,sellers,10000,20,2,20,2,0.0,1.0,False,7.0,2_scaling_n,,
dna_s7,dna,pigeonhole,10000,20,2,20,2,0.0,1.0,False,7.0,2_scaling_n,,
dna_s7,dna,seed,10000,20,2,20,2,0.0,0.0,False,7.0,2_scaling_n,,
dna_s1729,dna,brute,10000,21,2,20,2,0.0,1.0,False,1729.0,2_scaling_n,,
dna_s1729,dna,sellers,10000,21,2,20,2,0.0,1.0,False,1729.0,2_scaling_n,,
dna_s1729,dna,pigeonhole,10000,21,2,20,2,0.0,1.0,False,1729.0,2_scaling_n,,
dna_s1729,dna,seed,10000,21,2,20,2,0.0,0.0,False,1729.0,2_scaling_n,,
dna_s42,dna,brute,20000,22,2,20,2,997.0,1.0,False,42.0,2_scaling_n,,
dna_s42,dna,sellers,20000,22,2,20,2,0.0,1.0,False,42.0,2_scaling_n,,
dna_s42,dna,pigeonhole,20000,22,2,20,2,0.0,1.0,False,42.0,2_scaling_n,,
dna_s42,dna,seed,20000,22,2,20,2,0.0,0.0,False,42.0,2_scaling_n,,
dna_s7,dna,brute,20000,19,2,20,2,0.0,1.0,False,7.0,2_scaling_n,,
dna_s7,dna,sellers,20000,19,2,20,2,0.0,3.0,False,7.0,2_scaling_n,,
dna_s7,dna,pigeonhole,20000,19,2,20,2,964.0,3.0,False,7.0,2_scaling_n,,
dna_s7,dna,seed,20000,19,2,20,2,0.0,1.0,False,7.0,2_scaling_n,,
dna_s1729,dna,brute,20000,20,2,20,2,0.0,3.0,False,1729.0,2_scaling_n,,
dna_s1729,dna,sellers,20000,20,2,20,2,0.0,1.0,False,1729.0,2_scaling_n,,
dna_s1729,dna,pigeonhole,20000,20,2,20,2,0.0,1.0,False,1729.0,2_scaling_n,,
dna_s1729,dna,seed,20000,20,2,20,2,0.0,0.0,False,1729.0,2_scaling_n,,
dna_s42,dna,brute,50000,20,2,20,2,10028.0,3.0,False,42.0,2_scaling_n,,
dna_s42,dna,sellers,50000,20,2,20,2,0.0,3.0,False,42.0,2_scaling_n,,
dna_s42,dna,pigeonhole,50000,20,2,20,2,0.0,3.0,False,42.0,2_scaling_n,,
dna_s42,dna,seed,50000,20,2,20,2,0.0,1.0,False,42.0,2_scaling_n,,
dna_s7,dna,brute,50000,20,2,20,2,3747.0,3.0,False,7.0,2_scaling_n,,
dna_s7,dna,sellers,50000,20,2,20,2,1000.0,1.0,False,7.0,2_scaling_n,,
dna_s7,dna,pigeonhole,50000,20,2,20,2,0.0,1.0,False,7.0,2_scaling_n,,
dna_s7,dna,seed,50000,20,2,20,2,0.0,0.0,False,7.0,2_scaling_n,,
dna_s1729,dna,brute,50000,20,2,20,2,9701.0,1.0,False,1729.0,2_scaling_n,,
dna_s1729,dna,sellers,50000,20,2,20,2,0.0,1.0,False,1729.0,2_scaling_n,,
dna_s1729,dna,pigeonhole,50000,20,2,20,2,0.0,1.0,False,1729.0,2_scaling_n,,
dna_s1729,dna,seed,50000,20,2,20,2,0.0,0.0,False,1729.0,2_scaling_n,,
dna_s42,dna,brute,100000,18,2,20,2,,,True,42.0,2_scaling_n,,
dna_s42,dna,sellers,100000,18,2,20,2,10177.0,1.0,False,42.0,2_scaling_n,,
dna_s42,dna,pigeonhole,100000,18,2,20,2,3640.0,1.0,False,42.0,2_scaling_n,,
dna_s42,dna,seed,100000,18,2,20,2,0.0,0.0,False,42.0,2_scaling_n,,
dna_s7,dna,brute,100000,21,2,20,2,,,True,7.0,2_scaling_n,,
dna_s7,dna,sellers,100000,21,2,20,2,6110.0,1.0,False,7.0,2_scaling_n,,
dna_s7,dna,pigeonhole,100000,21,2,20,2,2958.0,1.0,False,7.0,2_scaling_n,,
dna_s7,dna,seed,100000,21,2,20,2,7778.0,0.0,False,7.0,2_scaling_n,,
dna_s1729,dna,brute,100000,19,2,20,2,,,True,1729.0,2_scaling_n,,
dna_s1729,dna,sellers,100000,19,2,20,2,6137.0,1.0,False,1729.0,2_scaling_n,,
dna_s1729,dna,pigeonhole,100000,19,2,20,2,3014.0,1.0,False,1729.0,2_scaling_n,,
dna_s1729,dna,seed,100000,19,2,20,2,1006.0,0.0,False,1729.0,2_scaling_n,,
dna_s42,dna,brute,200000,18,2,20,2,,,True,42.0,2_scaling_n,,
dna_s42,dna,sellers,200000,18,2,20,2,13848.0,1.0,False,42.0,2_scaling_n,,
dna_s42,dna,pigeonhole,200000,18,2,20,2,9004.0,1.0,False,42.0,2_scaling_n,,
dna_s42,dna,seed,200000,18,2,20,2,9299.0,0.0,False,42.0,2_scaling_n,,
dna_s7,dna,brute,200000,20,2,20,2,,,True,7.0,2_scaling_n,,
dna_s7,dna,sellers,200000,20,2,20,2,21293.0,5.0,False,7.0,2_scaling_n,,
dna_s7,dna,pigeonhole,200000,20,2,20,2,8466.0,5.0,False,7.0,2_scaling_n,,
dna_s7,dna,seed,200000,20,2,20,2,2156.0,1.0,False,7.0,2_scaling_n,,
dna_s1729,dna,brute,200000,21,2,20,2,,,True,1729.0,2_scaling_n,,
dna_s1729,dna,sellers,200000,21,2,20,2,14740.0,1.0,False,1729.0,2_scaling_n,,
dna_s1729,dna,pigeonhole,200000,21,2,20,2,7129.0,1.0,False,1729.0,2_scaling_n,,
dna_s1729,dna,seed,200000,21,2,20,2,11354.0,0.0,False,1729.0,2_scaling_n,,
english_s42,english,brute,10000,20,2,20,2,0.0,3.0,False,42.0,2_scaling_n,,
english_s42,english,sellers,10000,20,2,20,2,0.0,1.0,False,42.0,2_scaling_n,,
english_s42,english,pigeonhole,10000,20,2,20,2,0.0,1.0,False,42.0,2_scaling_n,,
english_s42,english,seed,10000,20,2,20,2,0.0,1.0,False,42.0,2_scaling_n,,
english_s7,english,brute,10000,22,2,20,2,0.0,1.0,False,7.0,2_scaling_n,,
english_s7,english,sellers,10000,22,2,20,2,1006.0,1.0,False,7.0,2_scaling_n,,
english_s7,english,pigeonhole,10000,22,2,20,2,0.0,1.0,False,7.0,2_scaling_n,,
english_s7,english,seed,10000,22,2,20,2,3085.0,0.0,False,7.0,2_scaling_n,,
english_s1729,english,brute,10000,20,2,20,2,997.0,3.0,False,1729.0,2_scaling_n,,
english_s1729,english,sellers,10000,20,2,20,2,0.0,3.0,False,1729.0,2_scaling_n,,
english_s1729,english,pigeonhole,10000,20,2,20,2,0.0,3.0,False,1729.0,2_scaling_n,,
english_s1729,english,seed,10000,20,2,20,2,2661.0,0.0,False,1729.0,2_scaling_n,,
english_s42,english,brute,20000,22,2,20,2,1000.0,1.0,False,42.0,2_scaling_n,,
english_s42,english,sellers,20000,22,2,20,2,1551.0,1.0,False,42.0,2_scaling_n,,
english_s42,english,pigeonhole,20000,22,2,20,2,0.0,1.0,False,42.0,2_scaling_n,,
english_s42,english,seed,20000,22,2,20,2,5042.0,0.0,False,42.0,2_scaling_n,,
english_s7,english,brute,20000,19,2,20,2,1035.0,1.0,False,7.0,2_scaling_n,,
english_s7,english,sellers,20000,19,2,20,2,0.0,3.0,False,7.0,2_scaling_n,,
english_s7,english,pigeonhole,20000,19,2,20,2,0.0,3.0,False,7.0,2_scaling_n,,
english_s7,english,seed,20000,19,2,20,2,2369.0,1.0,False,7.0,2_scaling_n,,
english_s1729,english,brute,20000,22,2,20,2,0.0,1.0,False,1729.0,2_scaling_n,,
english_s1729,english,sellers,20000,22,2,20,2,1567.0,1.0,False,1729.0,2_scaling_n,,
english_s1729,english,pigeonhole,20000,22,2,20,2,0.0,1.0,False,1729.0,2_scaling_n,,
english_s1729,english,seed,20000,22,2,20,2,0.0,0.0,False,1729.0,2_scaling_n,,
english_s42,english,brute,50000,20,2,20,2,2522.0,3.0,False,42.0,2_scaling_n,,
english_s42,english,sellers,50000,20,2,20,2,0.0,3.0,False,42.0,2_scaling_n,,
english_s42,english,pigeonhole,50000,20,2,20,2,621.0,3.0,False,42.0,2_scaling_n,,
english_s42,english,seed,50000,20,2,20,2,12852.0,1.0,False,42.0,2_scaling_n,,
english_s7,english,brute,50000,20,2,20,2,3470.0,3.0,False,7.0,2_scaling_n,,
english_s7,english,sellers,50000,20,2,20,2,0.0,1.0,False,7.0,2_scaling_n,,
english_s7,english,pigeonhole,50000,20,2,20,2,0.0,1.0,False,7.0,2_scaling_n,,
english_s7,english,seed,50000,20,2,20,2,15011.0,0.0,False,7.0,2_scaling_n,,
english_s1729,english,brute,50000,20,2,20,2,3995.0,1.0,False,1729.0,2_scaling_n,,
english_s1729,english,sellers,50000,20,2,20,2,998.0,1.0,False,1729.0,2_scaling_n,,
english_s1729,english,pigeonhole,50000,20,2,20,2,0.0,1.0,False,1729.0,2_scaling_n,,
english_s1729,english,seed,50000,20,2,20,2,22582.0,0.0,False,1729.0,2_scaling_n,,
english_s42,english,brute,100000,18,2,20,2,,,True,42.0,2_scaling_n,,
english_s42,english,sellers,100000,18,2,20,2,1569.0,1.0,False,42.0,2_scaling_n,,
english_s42,english,pigeonhole,100000,18,2,20,2,0.0,1.0,False,42.0,2_scaling_n,,
english_s42,english,seed,100000,18,2,20,2,32793.0,0.0,False,42.0,2_scaling_n,,
english_s7,english,brute,100000,20,2,20,2,,,True,7.0,2_scaling_n,,
english_s7,english,sellers,100000,20,2,20,2,5057.0,3.0,False,7.0,2_scaling_n,,
english_s7,english,pigeonhole,100000,20,2,20,2,0.0,3.0,False,7.0,2_scaling_n,,
english_s7,english,seed,100000,20,2,20,2,33748.0,0.0,False,7.0,2_scaling_n,,
english_s1729,english,brute,100000,19,2,20,2,,,True,1729.0,2_scaling_n,,
english_s1729,english,sellers,100000,19,2,20,2,0.0,1.0,False,1729.0,2_scaling_n,,
english_s1729,english,pigeonhole,100000,19,2,20,2,0.0,1.0,False,1729.0,2_scaling_n,,
english_s1729,english,seed,100000,19,2,20,2,33071.0,0.0,False,1729.0,2_scaling_n,,
english_s42,english,brute,200000,18,2,20,2,,,True,42.0,2_scaling_n,,
english_s42,english,sellers,200000,18,2,20,2,9840.0,1.0,False,42.0,2_scaling_n,,
english_s42,english,pigeonhole,200000,18,2,20,2,1002.0,1.0,False,42.0,2_scaling_n,,
english_s42,english,seed,200000,18,2,20,2,104372.0,0.0,False,42.0,2_scaling_n,,
english_s7,english,brute,200000,20,2,20,2,,,True,7.0,2_scaling_n,,
english_s7,english,sellers,200000,20,2,20,2,15156.0,5.0,False,7.0,2_scaling_n,,
english_s7,english,pigeonhole,200000,20,2,20,2,2043.0,5.0,False,7.0,2_scaling_n,,
english_s7,english,seed,200000,20,2,20,2,100352.0,1.0,False,7.0,2_scaling_n,,
english_s1729,english,brute,200000,21,2,20,2,,,True,1729.0,2_scaling_n,,
english_s1729,english,sellers,200000,21,2,20,2,17123.0,1.0,False,1729.0,2_scaling_n,,
english_s1729,english,pigeonhole,200000,21,2,20,2,1114.0,1.0,False,1729.0,2_scaling_n,,
english_s1729,english,seed,200000,21,2,20,2,93790.0,0.0,False,1729.0,2_scaling_n,,
binary_s42,binary,brute,10000,20,2,20,2,0.0,10.0,False,42.0,2_scaling_n,,
binary_s42,binary,sellers,10000,20,2,20,2,0.0,9.0,False,42.0,2_scaling_n,,
binary_s42,binary,pigeonhole,10000,20,2,20,2,0.0,9.0,False,42.0,2_scaling_n,,
binary_s42,binary,seed,10000,20,2,20,2,0.0,1.0,False,42.0,2_scaling_n,,
binary_s7,binary,brute,10000,20,2,20,2,0.0,11.0,False,7.0,2_scaling_n,,
binary_s7,binary,sellers,10000,20,2,20,2,0.0,10.0,False,7.0,2_scaling_n,,
binary_s7,binary,pigeonhole,10000,20,2,20,2,1000.0,10.0,False,7.0,2_scaling_n,,
binary_s7,binary,seed,10000,20,2,20,2,0.0,4.0,False,7.0,2_scaling_n,,
binary_s1729,binary,brute,10000,21,2,20,2,0.0,5.0,False,1729.0,2_scaling_n,,
binary_s1729,binary,sellers,10000,21,2,20,2,0.0,5.0,False,1729.0,2_scaling_n,,
binary_s1729,binary,pigeonhole,10000,21,2,20,2,888.0,5.0,False,1729.0,2_scaling_n,,
binary_s1729,binary,seed,10000,21,2,20,2,0.0,1.0,False,1729.0,2_scaling_n,,
binary_s42,binary,brute,20000,22,2,20,2,0.0,5.0,False,42.0,2_scaling_n,,
binary_s42,binary,sellers,20000,22,2,20,2,0.0,3.0,False,42.0,2_scaling_n,,
binary_s42,binary,pigeonhole,20000,22,2,20,2,3580.0,3.0,False,42.0,2_scaling_n,,
binary_s42,binary,seed,20000,22,2,20,2,1794.0,0.0,False,42.0,2_scaling_n,,
binary_s7,binary,brute,20000,19,2,20,2,0.0,30.0,False,7.0,2_scaling_n,,
binary_s7,binary,sellers,20000,19,2,20,2,0.0,28.0,False,7.0,2_scaling_n,,
binary_s7,binary,pigeonhole,20000,19,2,20,2,3760.0,28.0,False,7.0,2_scaling_n,,
binary_s7,binary,seed,20000,19,2,20,2,1004.0,8.0,False,7.0,2_scaling_n,,
binary_s1729,binary,brute,20000,20,2,20,2,6162.0,22.0,False,1729.0,2_scaling_n,,
binary_s1729,binary,sellers,20000,20,2,20,2,0.0,24.0,False,1729.0,2_scaling_n,,
binary_s1729,binary,pigeonhole,20000,20,2,20,2,0.0,24.0,False,1729.0,2_scaling_n,,
binary_s1729,binary,seed,20000,20,2,20,2,0.0,5.0,False,1729.0,2_scaling_n,,
binary_s42,binary,brute,50000,20,2,20,2,4930.0,34.0,False,42.0,2_scaling_n,,
binary_s42,binary,sellers,50000,20,2,20,2,4018.0,36.0,False,42.0,2_scaling_n,,
binary_s42,binary,pigeonhole,50000,20,2,20,2,11447.0,36.0,False,42.0,2_scaling_n,,
binary_s42,binary,seed,50000,20,2,20,2,1001.0,11.0,False,42.0,2_scaling_n,,
binary_s7,binary,brute,50000,20,2,20,2,9393.0,72.0,False,7.0,2_scaling_n,,
binary_s7,binary,sellers,50000,20,2,20,2,2878.0,66.0,False,7.0,2_scaling_n,,
binary_s7,binary,pigeonhole,50000,20,2,20,2,8760.0,66.0,False,7.0,2_scaling_n,,
binary_s7,binary,seed,50000,20,2,20,2,0.0,15.0,False,7.0,2_scaling_n,,
binary_s1729,binary,brute,50000,20,2,20,2,11017.0,39.0,False,1729.0,2_scaling_n,,
binary_s1729,binary,sellers,50000,20,2,20,2,5328.0,43.0,False,1729.0,2_scaling_n,,
binary_s1729,binary,pigeonhole,50000,20,2,20,2,18148.0,43.0,False,1729.0,2_scaling_n,,
binary_s1729,binary,seed,50000,20,2,20,2,0.0,11.0,False,1729.0,2_scaling_n,,
binary_s42,binary,brute,100000,18,2,20,2,,,True,42.0,2_scaling_n,,
binary_s42,binary,sellers,100000,18,2,20,2,1002.0,218.0,False,42.0,2_scaling_n,,
binary_s42,binary,pigeonhole,100000,18,2,20,2,28394.0,218.0,False,42.0,2_scaling_n,,
binary_s42,binary,seed,100000,18,2,20,2,0.0,48.0,False,42.0,2_scaling_n,,
binary_s7,binary,brute,100000,21,2,20,2,,,True,7.0,2_scaling_n,,
binary_s7,binary,sellers,100000,21,2,20,2,4071.0,40.0,False,7.0,2_scaling_n,,
binary_s7,binary,pigeonhole,100000,21,2,20,2,18855.0,40.0,False,7.0,2_scaling_n,,
binary_s7,binary,seed,100000,21,2,20,2,1003.0,12.0,False,7.0,2_scaling_n,,
binary_s1729,binary,brute,100000,19,2,20,2,,,True,1729.0,2_scaling_n,,
binary_s1729,binary,sellers,100000,19,2,20,2,9606.0,166.0,False,1729.0,2_scaling_n,,
binary_s1729,binary,pigeonhole,100000,19,2,20,2,26887.0,166.0,False,1729.0,2_scaling_n,,
binary_s1729,binary,seed,100000,19,2,20,2,9457.0,45.0,False,1729.0,2_scaling_n,,
binary_s42,binary,brute,200000,18,2,20,2,,,True,42.0,2_scaling_n,,
binary_s42,binary,sellers,200000,18,2,20,2,12549.0,546.0,False,42.0,2_scaling_n,,
binary_s42,binary,pigeonhole,200000,18,2,20,2,83128.0,546.0,False,42.0,2_scaling_n,,
binary_s42,binary,seed,200000,18,2,20,2,14910.0,131.0,False,42.0,2_scaling_n,,
binary_s7,binary,brute,200000,20,2,20,2,,,True,7.0,2_scaling_n,,
binary_s7,binary,sellers,200000,20,2,20,2,21413.0,186.0,False,7.0,2_scaling_n,,
binary_s7,binary,pigeonhole,200000,20,2,20,2,36197.0,186.0,False,7.0,2_scaling_n,,
binary_s7,binary,seed,200000,20,2,20,2,7437.0,47.0,False,7.0,2_scaling_n,,
binary_s1729,binary,brute,200000,21,2,20,2,,,True,1729.0,2_scaling_n,,
binary_s1729,binary,sellers,200000,21,2,20,2,18225.0,83.0,False,1729.0,2_scaling_n,,
binary_s1729,binary,pigeonhole,200000,21,2,20,2,25207.0,83.0,False,1729.0,2_scaling_n,,
binary_s1729,binary,seed,200000,21,2,20,2,7656.0,23.0,False,1729.0,2_scaling_n,,
repetitive_s42,repetitive,brute,10000,20,2,20,2,0.0,9981.0,False,42.0,2_scaling_n,,
repetitive_s42,repetitive,sellers,10000,20,2,20,2,0.0,9981.0,False,42.0,2_scaling_n,,
repetitive_s42,repetitive,pigeonhole,10000,20,2,20,2,91801.0,9981.0,False,42.0,2_scaling_n,,
repetitive_s42,repetitive,seed,10000,20,2,20,2,10937.0,9981.0,False,42.0,2_scaling_n,,
repetitive_s7,repetitive,brute,10000,18,2,20,2,1012.0,9983.0,False,7.0,2_scaling_n,,
repetitive_s7,repetitive,sellers,10000,18,2,20,2,0.0,9983.0,False,7.0,2_scaling_n,,
repetitive_s7,repetitive,pigeonhole,10000,18,2,20,2,73600.0,9983.0,False,7.0,2_scaling_n,,
repetitive_s7,repetitive,seed,10000,18,2,20,2,4018.0,9983.0,False,7.0,2_scaling_n,,
repetitive_s1729,repetitive,brute,10000,21,2,20,2,0.0,9427.0,False,1729.0,2_scaling_n,,
repetitive_s1729,repetitive,sellers,10000,21,2,20,2,0.0,9426.0,False,1729.0,2_scaling_n,,
repetitive_s1729,repetitive,pigeonhole,10000,21,2,20,2,30688.0,9426.0,False,1729.0,2_scaling_n,,
repetitive_s1729,repetitive,seed,10000,21,2,20,2,0.0,9115.0,False,1729.0,2_scaling_n,,
repetitive_s42,repetitive,brute,20000,18,2,20,2,4195.0,19975.0,False,42.0,2_scaling_n,,
repetitive_s42,repetitive,sellers,20000,18,2,20,2,0.0,19975.0,False,42.0,2_scaling_n,,
repetitive_s42,repetitive,pigeonhole,20000,18,2,20,2,159435.0,19975.0,False,42.0,2_scaling_n,,
repetitive_s42,repetitive,seed,20000,18,2,20,2,21528.0,19975.0,False,42.0,2_scaling_n,,
repetitive_s7,repetitive,brute,20000,21,2,20,2,11784.0,18752.0,False,7.0,2_scaling_n,,
repetitive_s7,repetitive,sellers,20000,21,2,20,2,0.0,18746.0,False,7.0,2_scaling_n,,
repetitive_s7,repetitive,pigeonhole,20000,21,2,20,2,123252.0,18746.0,False,7.0,2_scaling_n,,
repetitive_s7,repetitive,seed,20000,21,2,20,2,13105.0,18188.0,False,7.0,2_scaling_n,,
repetitive_s1729,repetitive,brute,20000,19,2,20,2,1000.0,557.0,False,1729.0,2_scaling_n,,
repetitive_s1729,repetitive,sellers,20000,19,2,20,2,0.0,564.0,False,1729.0,2_scaling_n,,
repetitive_s1729,repetitive,pigeonhole,20000,19,2,20,2,34963.0,564.0,False,1729.0,2_scaling_n,,
repetitive_s1729,repetitive,seed,20000,19,2,20,2,4415.0,276.0,False,1729.0,2_scaling_n,,
repetitive_s42,repetitive,brute,50000,20,2,20,2,23120.0,49854.0,False,42.0,2_scaling_n,,
repetitive_s42,repetitive,sellers,50000,20,2,20,2,0.0,49837.0,False,42.0,2_scaling_n,,
repetitive_s42,repetitive,pigeonhole,50000,20,2,20,2,311966.0,49837.0,False,42.0,2_scaling_n,,
repetitive_s42,repetitive,seed,50000,20,2,20,2,42629.0,49763.0,False,42.0,2_scaling_n,,
repetitive_s7,repetitive,brute,50000,19,2,20,2,21471.0,49842.0,False,7.0,2_scaling_n,,
repetitive_s7,repetitive,sellers,50000,19,2,20,2,2270.0,49854.0,False,7.0,2_scaling_n,,
repetitive_s7,repetitive,pigeonhole,50000,19,2,20,2,301444.0,49854.0,False,7.0,2_scaling_n,,
repetitive_s7,repetitive,seed,50000,19,2,20,2,52119.0,49806.0,False,7.0,2_scaling_n,,
repetitive_s1729,repetitive,brute,50000,20,2,20,2,27693.0,1366.0,False,1729.0,2_scaling_n,,
repetitive_s1729,repetitive,sellers,50000,20,2,20,2,0.0,1138.0,False,1729.0,2_scaling_n,,
repetitive_s1729,repetitive,pigeonhole,50000,20,2,20,2,106445.0,1138.0,False,1729.0,2_scaling_n,,
repetitive_s1729,repetitive,seed,50000,20,2,20,2,16087.0,676.0,False,1729.0,2_scaling_n,,
repetitive_s42,repetitive,brute,100000,22,2,20,2,,,True,42.0,2_scaling_n,,
repetitive_s42,repetitive,sellers,100000,22,2,20,2,10836.0,99976.0,False,42.0,2_scaling_n,,
repetitive_s42,repetitive,pigeonhole,100000,22,2,20,2,1087171.0,99976.0,False,42.0,2_scaling_n,,
repetitive_s42,repetitive,seed,100000,22,2,20,2,129036.0,99976.0,False,42.0,2_scaling_n,,
repetitive_s7,repetitive,brute,100000,18,2,20,2,,,True,7.0,2_scaling_n,,
repetitive_s7,repetitive,sellers,100000,18,2,20,2,6337.0,99981.0,False,7.0,2_scaling_n,,
repetitive_s7,repetitive,pigeonhole,100000,18,2,20,2,864569.0,99981.0,False,7.0,2_scaling_n,,
repetitive_s7,repetitive,seed,100000,18,2,20,2,118219.0,99981.0,False,7.0,2_scaling_n,,
repetitive_s1729,repetitive,brute,100000,21,2,20,2,,,True,1729.0,2_scaling_n,,
repetitive_s1729,repetitive,sellers,100000,21,2,20,2,3420.0,92758.0,False,1729.0,2_scaling_n,,
repetitive_s1729,repetitive,pigeonhole,100000,21,2,20,2,690318.0,92758.0,False,1729.0,2_scaling_n,,
repetitive_s1729,repetitive,seed,100000,21,2,20,2,86327.0,90892.0,False,1729.0,2_scaling_n,,
repetitive_s42,repetitive,brute,200000,22,2,20,2,,,True,42.0,2_scaling_n,,
repetitive_s42,repetitive,sellers,200000,22,2,20,2,12455.0,199917.0,False,42.0,2_scaling_n,,
repetitive_s42,repetitive,pigeonhole,200000,22,2,20,2,2277186.0,199917.0,False,42.0,2_scaling_n,,
repetitive_s42,repetitive,seed,200000,22,2,20,2,273215.0,199917.0,False,42.0,2_scaling_n,,
repetitive_s7,repetitive,brute,200000,21,2,20,2,,,True,7.0,2_scaling_n,,
repetitive_s7,repetitive,sellers,200000,21,2,20,2,21554.0,199359.0,False,7.0,2_scaling_n,,
repetitive_s7,repetitive,pigeonhole,200000,21,2,20,2,1474050.0,199359.0,False,7.0,2_scaling_n,,
repetitive_s7,repetitive,seed,200000,21,2,20,2,199324.0,199054.0,False,7.0,2_scaling_n,,
repetitive_s1729,repetitive,brute,200000,21,2,20,2,,,True,1729.0,2_scaling_n,,
repetitive_s1729,repetitive,sellers,200000,21,2,20,2,25938.0,199359.0,False,1729.0,2_scaling_n,,
repetitive_s1729,repetitive,pigeonhole,200000,21,2,20,2,1557682.0,199359.0,False,1729.0,2_scaling_n,,
repetitive_s1729,repetitive,seed,200000,21,2,20,2,257301.0,199279.0,False,1729.0,2_scaling_n,,
low_entropy_dna_s42,low_entropy_dna,brute,10000,20,2,20,2,3271.0,4.0,False,42.0,2_scaling_n,,
low_entropy_dna_s42,low_entropy_dna,sellers,10000,20,2,20,2,0.0,3.0,False,42.0,2_scaling_n,,
low_entropy_dna_s42,low_entropy_dna,pigeonhole,10000,20,2,20,2,0.0,3.0,False,42.0,2_scaling_n,,
low_entropy_dna_s42,low_entropy_dna,seed,10000,20,2,20,2,0.0,1.0,False,42.0,2_scaling_n,,
low_entropy_dna_s7,low_entropy_dna,brute,10000,20,2,20,2,0.0,1.0,False,7.0,2_scaling_n,,
low_entropy_dna_s7,low_entropy_dna,sellers,10000,20,2,20,2,0.0,1.0,False,7.0,2_scaling_n,,
low_entropy_dna_s7,low_entropy_dna,pigeonhole,10000,20,2,20,2,0.0,1.0,False,7.0,2_scaling_n,,
low_entropy_dna_s7,low_entropy_dna,seed,10000,20,2,20,2,1199.0,0.0,False,7.0,2_scaling_n,,
low_entropy_dna_s1729,low_entropy_dna,brute,10000,21,2,20,2,0.0,1.0,False,1729.0,2_scaling_n,,
low_entropy_dna_s1729,low_entropy_dna,sellers,10000,21,2,20,2,0.0,1.0,False,1729.0,2_scaling_n,,
low_entropy_dna_s1729,low_entropy_dna,pigeonhole,10000,21,2,20,2,0.0,1.0,False,1729.0,2_scaling_n,,
low_entropy_dna_s1729,low_entropy_dna,seed,10000,21,2,20,2,0.0,0.0,False,1729.0,2_scaling_n,,
low_entropy_dna_s42,low_entropy_dna,brute,20000,22,2,20,2,0.0,1.0,False,42.0,2_scaling_n,,
low_entropy_dna_s42,low_entropy_dna,sellers,20000,22,2,20,2,1862.0,1.0,False,42.0,2_scaling_n,,
low_entropy_dna_s42,low_entropy_dna,pigeonhole,20000,22,2,20,2,0.0,1.0,False,42.0,2_scaling_n,,
low_entropy_dna_s42,low_entropy_dna,seed,20000,22,2,20,2,0.0,0.0,False,42.0,2_scaling_n,,
low_entropy_dna_s7,low_entropy_dna,brute,20000,19,2,20,2,0.0,3.0,False,7.0,2_scaling_n,,
low_entropy_dna_s7,low_entropy_dna,sellers,20000,19,2,20,2,0.0,3.0,False,7.0,2_scaling_n,,
low_entropy_dna_s7,low_entropy_dna,pigeonhole,20000,19,2,20,2,0.0,3.0,False,7.0,2_scaling_n,,
low_entropy_dna_s7,low_entropy_dna,seed,20000,19,2,20,2,0.0,1.0,False,7.0,2_scaling_n,,
low_entropy_dna_s1729,low_entropy_dna,brute,20000,20,2,20,2,1001.0,3.0,False,1729.0,2_scaling_n,,
low_entropy_dna_s1729,low_entropy_dna,sellers,20000,20,2,20,2,0.0,1.0,False,1729.0,2_scaling_n,,
low_entropy_dna_s1729,low_entropy_dna,pigeonhole,20000,20,2,20,2,0.0,1.0,False,1729.0,2_scaling_n,,
low_entropy_dna_s1729,low_entropy_dna,seed,20000,20,2,20,2,0.0,0.0,False,1729.0,2_scaling_n,,
low_entropy_dna_s42,low_entropy_dna,brute,50000,20,2,20,2,8879.0,5.0,False,42.0,2_scaling_n,,
low_entropy_dna_s42,low_entropy_dna,sellers,50000,20,2,20,2,0.0,5.0,False,42.0,2_scaling_n,,
low_entropy_dna_s42,low_entropy_dna,pigeonhole,50000,20,2,20,2,0.0,5.0,False,42.0,2_scaling_n,,
low_entropy_dna_s42,low_entropy_dna,seed,50000,20,2,20,2,621.0,1.0,False,42.0,2_scaling_n,,
low_entropy_dna_s7,low_entropy_dna,brute,50000,20,2,20,2,2503.0,3.0,False,7.0,2_scaling_n,,
low_entropy_dna_s7,low_entropy_dna,sellers,50000,20,2,20,2,0.0,3.0,False,7.0,2_scaling_n,,
low_entropy_dna_s7,low_entropy_dna,pigeonhole,50000,20,2,20,2,1685.0,3.0,False,7.0,2_scaling_n,,
low_entropy_dna_s7,low_entropy_dna,seed,50000,20,2,20,2,5699.0,1.0,False,7.0,2_scaling_n,,
low_entropy_dna_s1729,low_entropy_dna,brute,50000,20,2,20,2,8970.0,1.0,False,1729.0,2_scaling_n,,
low_entropy_dna_s1729,low_entropy_dna,sellers,50000,20,2,20,2,0.0,2.0,False,1729.0,2_scaling_n,,
low_entropy_dna_s1729,low_entropy_dna,pigeonhole,50000,20,2,20,2,3001.0,2.0,False,1729.0,2_scaling_n,,
low_entropy_dna_s1729,low_entropy_dna,seed,50000,20,2,20,2,0.0,0.0,False,1729.0,2_scaling_n,,
low_entropy_dna_s42,low_entropy_dna,brute,100000,18,2,20,2,,,True,42.0,2_scaling_n,,
low_entropy_dna_s42,low_entropy_dna,sellers,100000,18,2,20,2,11057.0,1.0,False,42.0,2_scaling_n,,
low_entropy_dna_s42,low_entropy_dna,pigeonhole,100000,18,2,20,2,0.0,1.0,False,42.0,2_scaling_n,,
low_entropy_dna_s42,low_entropy_dna,seed,100000,18,2,20,2,0.0,0.0,False,42.0,2_scaling_n,,
low_entropy_dna_s7,low_entropy_dna,brute,100000,21,2,20,2,,,True,7.0,2_scaling_n,,
low_entropy_dna_s7,low_entropy_dna,sellers,100000,21,2,20,2,5565.0,1.0,False,7.0,2_scaling_n,,
low_entropy_dna_s7,low_entropy_dna,pigeonhole,100000,21,2,20,2,1005.0,1.0,False,7.0,2_scaling_n,,
low_entropy_dna_s7,low_entropy_dna,seed,100000,21,2,20,2,0.0,0.0,False,7.0,2_scaling_n,,
low_entropy_dna_s1729,low_entropy_dna,brute,100000,19,2,20,2,,,True,1729.0,2_scaling_n,,
low_entropy_dna_s1729,low_entropy_dna,sellers,100000,19,2,20,2,3319.0,1.0,False,1729.0,2_scaling_n,,
low_entropy_dna_s1729,low_entropy_dna,pigeonhole,100000,19,2,20,2,5201.0,1.0,False,1729.0,2_scaling_n,,
low_entropy_dna_s1729,low_entropy_dna,seed,100000,19,2,20,2,4900.0,0.0,False,1729.0,2_scaling_n,,
low_entropy_dna_s42,low_entropy_dna,brute,200000,18,2,20,2,,,True,42.0,2_scaling_n,,
low_entropy_dna_s42,low_entropy_dna,sellers,200000,18,2,20,2,19127.0,3.0,False,42.0,2_scaling_n,,
low_entropy_dna_s42,low_entropy_dna,pigeonhole,200000,18,2,20,2,7587.0,3.0,False,42.0,2_scaling_n,,
low_entropy_dna_s42,low_entropy_dna,seed,200000,18,2,20,2,11798.0,0.0,False,42.0,2_scaling_n,,
low_entropy_dna_s7,low_entropy_dna,brute,200000,20,2,20,2,,,True,7.0,2_scaling_n,,
low_entropy_dna_s7,low_entropy_dna,sellers,200000,20,2,20,2,22441.0,5.0,False,7.0,2_scaling_n,,
low_entropy_dna_s7,low_entropy_dna,pigeonhole,200000,20,2,20,2,15545.0,5.0,False,7.0,2_scaling_n,,
low_entropy_dna_s7,low_entropy_dna,seed,200000,20,2,20,2,8984.0,1.0,False,7.0,2_scaling_n,,
low_entropy_dna_s1729,low_entropy_dna,brute,200000,21,2,20,2,,,True,1729.0,2_scaling_n,,
low_entropy_dna_s1729,low_entropy_dna,sellers,200000,21,2,20,2,23922.0,1.0,False,1729.0,2_scaling_n,,
low_entropy_dna_s1729,low_entropy_dna,pigeonhole,200000,21,2,20,2,9809.0,1.0,False,1729.0,2_scaling_n,,
low_entropy_dna_s1729,low_entropy_dna,seed,200000,21,2,20,2,12453.0,0.0,False,1729.0,2_scaling_n,,
adversarial_s42,adversarial,brute,10000,19,2,20,2,0.0,1.0,False,42.0,2_scaling_n,,
adversarial_s42,adversarial,sellers,10000,19,2,20,2,0.0,1.0,False,42.0,2_scaling_n,,
adversarial_s42,adversarial,pigeonhole,10000,19,2,20,2,0.0,1.0,False,42.0,2_scaling_n,,
adversarial_s42,adversarial,seed,10000,19,2,20,2,0.0,0.0,False,42.0,2_scaling_n,,
adversarial_s7,adversarial,brute,10000,20,2,20,2,0.0,1.0,False,7.0,2_scaling_n,,
adversarial_s7,adversarial,sellers,10000,20,2,20,2,873.0,1.0,False,7.0,2_scaling_n,,
adversarial_s7,adversarial,pigeonhole,10000,20,2,20,2,0.0,1.0,False,7.0,2_scaling_n,,
adversarial_s7,adversarial,seed,10000,20,2,20,2,0.0,1.0,False,7.0,2_scaling_n,,
adversarial_s1729,adversarial,brute,10000,20,2,20,2,0.0,1.0,False,1729.0,2_scaling_n,,
adversarial_s1729,adversarial,sellers,10000,20,2,20,2,0.0,1.0,False,1729.0,2_scaling_n,,
adversarial_s1729,adversarial,pigeonhole,10000,20,2,20,2,0.0,1.0,False,1729.0,2_scaling_n,,
adversarial_s1729,adversarial,seed,10000,20,2,20,2,0.0,1.0,False,1729.0,2_scaling_n,,
adversarial_s42,adversarial,brute,20000,20,2,20,2,4254.0,5.0,False,42.0,2_scaling_n,,
adversarial_s42,adversarial,sellers,20000,20,2,20,2,0.0,5.0,False,42.0,2_scaling_n,,
adversarial_s42,adversarial,pigeonhole,20000,20,2,20,2,999.0,5.0,False,42.0,2_scaling_n,,
adversarial_s42,adversarial,seed,20000,20,2,20,2,0.0,1.0,False,42.0,2_scaling_n,,
adversarial_s7,adversarial,brute,20000,19,2,20,2,4222.0,1.0,False,7.0,2_scaling_n,,
adversarial_s7,adversarial,sellers,20000,19,2,20,2,2006.0,1.0,False,7.0,2_scaling_n,,
adversarial_s7,adversarial,pigeonhole,20000,19,2,20,2,0.0,1.0,False,7.0,2_scaling_n,,
adversarial_s7,adversarial,seed,20000,19,2,20,2,0.0,0.0,False,7.0,2_scaling_n,,
adversarial_s1729,adversarial,brute,20000,22,2,20,2,0.0,1.0,False,1729.0,2_scaling_n,,
adversarial_s1729,adversarial,sellers,20000,22,2,20,2,0.0,1.0,False,1729.0,2_scaling_n,,
adversarial_s1729,adversarial,pigeonhole,20000,22,2,20,2,0.0,1.0,False,1729.0,2_scaling_n,,
adversarial_s1729,adversarial,seed,20000,22,2,20,2,2905.0,0.0,False,1729.0,2_scaling_n,,
adversarial_s42,adversarial,brute,50000,18,2,20,2,4541.0,1.0,False,42.0,2_scaling_n,,
adversarial_s42,adversarial,sellers,50000,18,2,20,2,0.0,1.0,False,42.0,2_scaling_n,,
adversarial_s42,adversarial,pigeonhole,50000,18,2,20,2,0.0,1.0,False,42.0,2_scaling_n,,
adversarial_s42,adversarial,seed,50000,18,2,20,2,0.0,0.0,False,42.0,2_scaling_n,,
adversarial_s7,adversarial,brute,50000,20,2,20,2,3543.0,1.0,False,7.0,2_scaling_n,,
adversarial_s7,adversarial,sellers,50000,20,2,20,2,1003.0,1.0,False,7.0,2_scaling_n,,
adversarial_s7,adversarial,pigeonhole,50000,20,2,20,2,0.0,1.0,False,7.0,2_scaling_n,,
adversarial_s7,adversarial,seed,50000,20,2,20,2,1673.0,1.0,False,7.0,2_scaling_n,,
adversarial_s1729,adversarial,brute,50000,20,2,20,2,6658.0,4.0,False,1729.0,2_scaling_n,,
adversarial_s1729,adversarial,sellers,50000,20,2,20,2,0.0,3.0,False,1729.0,2_scaling_n,,
adversarial_s1729,adversarial,pigeonhole,50000,20,2,20,2,999.0,3.0,False,1729.0,2_scaling_n,,
adversarial_s1729,adversarial,seed,50000,20,2,20,2,0.0,3.0,False,1729.0,2_scaling_n,,
adversarial_s42,adversarial,brute,100000,19,2,20,2,,,True,42.0,2_scaling_n,,
adversarial_s42,adversarial,sellers,100000,19,2,20,2,10203.0,1.0,False,42.0,2_scaling_n,,
adversarial_s42,adversarial,pigeonhole,100000,19,2,20,2,10767.0,1.0,False,42.0,2_scaling_n,,
adversarial_s42,adversarial,seed,100000,19,2,20,2,4433.0,0.0,False,42.0,2_scaling_n,,
adversarial_s7,adversarial,brute,100000,20,2,20,2,,,True,7.0,2_scaling_n,,
adversarial_s7,adversarial,sellers,100000,20,2,20,2,10113.0,3.0,False,7.0,2_scaling_n,,
adversarial_s7,adversarial,pigeonhole,100000,20,2,20,2,2902.0,3.0,False,7.0,2_scaling_n,,
adversarial_s7,adversarial,seed,100000,20,2,20,2,5204.0,0.0,False,7.0,2_scaling_n,,
adversarial_s1729,adversarial,brute,100000,21,2,20,2,,,True,1729.0,2_scaling_n,,
adversarial_s1729,adversarial,sellers,100000,21,2,20,2,5180.0,3.0,False,1729.0,2_scaling_n,,
adversarial_s1729,adversarial,pigeonhole,100000,21,2,20,2,0.0,3.0,False,1729.0,2_scaling_n,,
adversarial_s1729,adversarial,seed,100000,21,2,20,2,3855.0,0.0,False,1729.0,2_scaling_n,,
adversarial_s42,adversarial,brute,200000,21,2,20,2,,,True,42.0,2_scaling_n,,
adversarial_s42,adversarial,sellers,200000,21,2,20,2,20326.0,1.0,False,42.0,2_scaling_n,,
adversarial_s42,adversarial,pigeonhole,200000,21,2,20,2,5805.0,1.0,False,42.0,2_scaling_n,,
adversarial_s42,adversarial,seed,200000,21,2,20,2,12857.0,0.0,False,42.0,2_scaling_n,,
adversarial_s7,adversarial,brute,200000,21,2,20,2,,,True,7.0,2_scaling_n,,
adversarial_s7,adversarial,sellers,200000,21,2,20,2,21004.0,3.0,False,7.0,2_scaling_n,,
adversarial_s7,adversarial,pigeonhole,200000,21,2,20,2,8040.0,3.0,False,7.0,2_scaling_n,,
adversarial_s7,adversarial,seed,200000,21,2,20,2,13715.0,0.0,False,7.0,2_scaling_n,,
adversarial_s1729,adversarial,brute,200000,20,2,20,2,,,True,1729.0,2_scaling_n,,
adversarial_s1729,adversarial,sellers,200000,20,2,20,2,19019.0,1.0,False,1729.0,2_scaling_n,,
adversarial_s1729,adversarial,pigeonhole,200000,20,2,20,2,5127.0,1.0,False,1729.0,2_scaling_n,,
adversarial_s1729,adversarial,seed,200000,20,2,20,2,13462.0,1.0,False,1729.0,2_scaling_n,,
real_dna_s42,real_dna,brute,10000,20,2,20,2,0.0,4.0,False,42.0,2_scaling_n,,
real_dna_s42,real_dna,sellers,10000,20,2,20,2,0.0,3.0,False,42.0,2_scaling_n,,
real_dna_s42,real_dna,pigeonhole,10000,20,2,20,2,0.0,3.0,False,42.0,2_scaling_n,,
real_dna_s42,real_dna,seed,10000,20,2,20,2,0.0,1.0,False,42.0,2_scaling_n,,
real_dna_s7,real_dna,brute,10000,20,2,20,2,0.0,2.0,False,7.0,2_scaling_n,,
real_dna_s7,real_dna,sellers,10000,20,2,20,2,0.0,1.0,False,7.0,2_scaling_n,,
real_dna_s7,real_dna,pigeonhole,10000,20,2,20,2,0.0,1.0,False,7.0,2_scaling_n,,
real_dna_s7,real_dna,seed,10000,20,2,20,2,667.0,0.0,False,7.0,2_scaling_n,,
real_dna_s1729,real_dna,brute,10000,21,2,20,2,2414.0,1.0,False,1729.0,2_scaling_n,,
real_dna_s1729,real_dna,sellers,10000,21,2,20,2,0.0,1.0,False,1729.0,2_scaling_n,,
real_dna_s1729,real_dna,pigeonhole,10000,21,2,20,2,0.0,1.0,False,1729.0,2_scaling_n,,
real_dna_s1729,real_dna,seed,10000,21,2,20,2,0.0,0.0,False,1729.0,2_scaling_n,,
real_dna_s42,real_dna,brute,20000,22,2,20,2,0.0,1.0,False,42.0,2_scaling_n,,
real_dna_s42,real_dna,sellers,20000,22,2,20,2,0.0,1.0,False,42.0,2_scaling_n,,
real_dna_s42,real_dna,pigeonhole,20000,22,2,20,2,0.0,1.0,False,42.0,2_scaling_n,,
real_dna_s42,real_dna,seed,20000,22,2,20,2,2768.0,0.0,False,42.0,2_scaling_n,,
real_dna_s7,real_dna,brute,20000,20,2,20,2,0.0,3.0,False,7.0,2_scaling_n,,
real_dna_s7,real_dna,sellers,20000,20,2,20,2,0.0,4.0,False,7.0,2_scaling_n,,
real_dna_s7,real_dna,pigeonhole,20000,20,2,20,2,0.0,4.0,False,7.0,2_scaling_n,,
real_dna_s7,real_dna,seed,20000,20,2,20,2,0.0,1.0,False,7.0,2_scaling_n,,
real_dna_s1729,real_dna,brute,20000,22,2,20,2,0.0,3.0,False,1729.0,2_scaling_n,,
real_dna_s1729,real_dna,sellers,20000,22,2,20,2,0.0,1.0,False,1729.0,2_scaling_n,,
real_dna_s1729,real_dna,pigeonhole,20000,22,2,20,2,1000.0,1.0,False,1729.0,2_scaling_n,,
real_dna_s1729,real_dna,seed,20000,22,2,20,2,1001.0,0.0,False,1729.0,2_scaling_n,,
real_dna_s42,real_dna,brute,50000,20,2,20,2,10556.0,3.0,False,42.0,2_scaling_n,,
real_dna_s42,real_dna,sellers,50000,20,2,20,2,4609.0,3.0,False,42.0,2_scaling_n,,
real_dna_s42,real_dna,pigeonhole,50000,20,2,20,2,0.0,3.0,False,42.0,2_scaling_n,,
real_dna_s42,real_dna,seed,50000,20,2,20,2,1000.0,1.0,False,42.0,2_scaling_n,,
real_dna_s7,real_dna,brute,50000,20,2,20,2,10374.0,3.0,False,7.0,2_scaling_n,,
real_dna_s7,real_dna,sellers,50000,20,2,20,2,0.0,1.0,False,7.0,2_scaling_n,,
real_dna_s7,real_dna,pigeonhole,50000,20,2,20,2,1427.0,1.0,False,7.0,2_scaling_n,,
real_dna_s7,real_dna,seed,50000,20,2,20,2,0.0,0.0,False,7.0,2_scaling_n,,
real_dna_s1729,real_dna,brute,50000,20,2,20,2,11484.0,1.0,False,1729.0,2_scaling_n,,
real_dna_s1729,real_dna,sellers,50000,20,2,20,2,0.0,1.0,False,1729.0,2_scaling_n,,
real_dna_s1729,real_dna,pigeonhole,50000,20,2,20,2,0.0,1.0,False,1729.0,2_scaling_n,,
real_dna_s1729,real_dna,seed,50000,20,2,20,2,0.0,0.0,False,1729.0,2_scaling_n,,
real_dna_s42,real_dna,brute,100000,18,2,20,2,,,True,42.0,2_scaling_n,,
real_dna_s42,real_dna,sellers,100000,18,2,20,2,4885.0,1.0,False,42.0,2_scaling_n,,
real_dna_s42,real_dna,pigeonhole,100000,18,2,20,2,3113.0,1.0,False,42.0,2_scaling_n,,
real_dna_s42,real_dna,seed,100000,18,2,20,2,0.0,0.0,False,42.0,2_scaling_n,,
real_dna_s7,real_dna,brute,100000,20,2,20,2,,,True,7.0,2_scaling_n,,
real_dna_s7,real_dna,sellers,100000,20,2,20,2,9023.0,3.0,False,7.0,2_scaling_n,,
real_dna_s7,real_dna,pigeonhole,100000,20,2,20,2,1111.0,3.0,False,7.0,2_scaling_n,,
real_dna_s7,real_dna,seed,100000,20,2,20,2,0.0,0.0,False,7.0,2_scaling_n,,
real_dna_s1729,real_dna,brute,100000,19,2,20,2,,,True,1729.0,2_scaling_n,,
real_dna_s1729,real_dna,sellers,100000,19,2,20,2,11518.0,1.0,False,1729.0,2_scaling_n,,
real_dna_s1729,real_dna,pigeonhole,100000,19,2,20,2,0.0,1.0,False,1729.0,2_scaling_n,,
real_dna_s1729,real_dna,seed,100000,19,2,20,2,0.0,1.0,False,1729.0,2_scaling_n,,
real_dna_s42,real_dna,brute,200000,18,2,20,2,,,True,42.0,2_scaling_n,,
real_dna_s42,real_dna,sellers,200000,18,2,20,2,17037.0,1.0,False,42.0,2_scaling_n,,
real_dna_s42,real_dna,pigeonhole,200000,18,2,20,2,7378.0,1.0,False,42.0,2_scaling_n,,
real_dna_s42,real_dna,seed,200000,18,2,20,2,10370.0,0.0,False,42.0,2_scaling_n,,
real_dna_s7,real_dna,brute,200000,20,2,20,2,,,True,7.0,2_scaling_n,,
real_dna_s7,real_dna,sellers,200000,20,2,20,2,20813.0,5.0,False,7.0,2_scaling_n,,
real_dna_s7,real_dna,pigeonhole,200000,20,2,20,2,6311.0,5.0,False,7.0,2_scaling_n,,
real_dna_s7,real_dna,seed,200000,20,2,20,2,12956.0,1.0,False,7.0,2_scaling_n,,
real_dna_s1729,real_dna,brute,200000,21,2,20,2,,,True,1729.0,2_scaling_n,,
real_dna_s1729,real_dna,sellers,200000,21,2,20,2,20453.0,1.0,False,1729.0,2_scaling_n,,
real_dna_s1729,real_dna,pigeonhole,200000,21,2,20,2,1031.0,1.0,False,1729.0,2_scaling_n,,
real_dna_s1729,real_dna,seed,200000,21,2,20,2,14032.0,0.0,False,1729.0,2_scaling_n,,
real_english_s42,real_english,brute,10000,20,2,20,2,0.0,7.0,False,42.0,2_scaling_n,,
real_english_s42,real_english,sellers,10000,20,2,20,2,0.0,7.0,False,42.0,2_scaling_n,,
real_english_s42,real_english,pigeonhole,10000,20,2,20,2,0.0,7.0,False,42.0,2_scaling_n,,
real_english_s42,real_english,seed,10000,20,2,20,2,0.0,7.0,False,42.0,2_scaling_n,,
real_english_s7,real_english,brute,10000,20,2,20,2,0.0,7.0,False,7.0,2_scaling_n,,
real_english_s7,real_english,sellers,10000,20,2,20,2,0.0,7.0,False,7.0,2_scaling_n,,
real_english_s7,real_english,pigeonhole,10000,20,2,20,2,0.0,7.0,False,7.0,2_scaling_n,,
real_english_s7,real_english,seed,10000,20,2,20,2,0.0,7.0,False,7.0,2_scaling_n,,
real_english_s1729,real_english,brute,10000,21,2,20,2,0.0,7.0,False,1729.0,2_scaling_n,,
real_english_s1729,real_english,sellers,10000,21,2,20,2,0.0,7.0,False,1729.0,2_scaling_n,,
real_english_s1729,real_english,pigeonhole,10000,21,2,20,2,0.0,7.0,False,1729.0,2_scaling_n,,
real_english_s1729,real_english,seed,10000,21,2,20,2,0.0,0.0,False,1729.0,2_scaling_n,,
real_english_s42,real_english,brute,20000,20,2,20,2,0.0,14.0,False,42.0,2_scaling_n,,
real_english_s42,real_english,sellers,20000,20,2,20,2,0.0,14.0,False,42.0,2_scaling_n,,
real_english_s42,real_english,pigeonhole,20000,20,2,20,2,0.0,14.0,False,42.0,2_scaling_n,,
real_english_s42,real_english,seed,20000,20,2,20,2,1036.0,14.0,False,42.0,2_scaling_n,,
real_english_s7,real_english,brute,20000,20,2,20,2,0.0,14.0,False,7.0,2_scaling_n,,
real_english_s7,real_english,sellers,20000,20,2,20,2,0.0,14.0,False,7.0,2_scaling_n,,
real_english_s7,real_english,pigeonhole,20000,20,2,20,2,0.0,14.0,False,7.0,2_scaling_n,,
real_english_s7,real_english,seed,20000,20,2,20,2,0.0,14.0,False,7.0,2_scaling_n,,
real_english_s1729,real_english,brute,20000,21,2,20,2,0.0,15.0,False,1729.0,2_scaling_n,,
real_english_s1729,real_english,sellers,20000,21,2,20,2,0.0,15.0,False,1729.0,2_scaling_n,,
real_english_s1729,real_english,pigeonhole,20000,21,2,20,2,0.0,15.0,False,1729.0,2_scaling_n,,
real_english_s1729,real_english,seed,20000,21,2,20,2,0.0,0.0,False,1729.0,2_scaling_n,,
real_english_s42,real_english,brute,50000,21,2,20,2,2302.0,72.0,False,42.0,2_scaling_n,,
real_english_s42,real_english,sellers,50000,21,2,20,2,0.0,36.0,False,42.0,2_scaling_n,,
real_english_s42,real_english,pigeonhole,50000,21,2,20,2,0.0,36.0,False,42.0,2_scaling_n,,
real_english_s42,real_english,seed,50000,21,2,20,2,0.0,0.0,False,42.0,2_scaling_n,,
real_english_s7,real_english,brute,50000,20,2,20,2,5449.0,36.0,False,7.0,2_scaling_n,,
real_english_s7,real_english,sellers,50000,20,2,20,2,0.0,36.0,False,7.0,2_scaling_n,,
real_english_s7,real_english,pigeonhole,50000,20,2,20,2,0.0,36.0,False,7.0,2_scaling_n,,
real_english_s7,real_english,seed,50000,20,2,20,2,4077.0,36.0,False,7.0,2_scaling_n,,
real_english_s1729,real_english,brute,50000,21,2,20,2,9469.0,37.0,False,1729.0,2_scaling_n,,
real_english_s1729,real_english,sellers,50000,21,2,20,2,1004.0,37.0,False,1729.0,2_scaling_n,,
real_english_s1729,real_english,pigeonhole,50000,21,2,20,2,429.0,37.0,False,1729.0,2_scaling_n,,
real_english_s1729,real_english,seed,50000,21,2,20,2,3783.0,0.0,False,1729.0,2_scaling_n,,
real_english_s42,real_english,brute,100000,21,2,20,2,,,True,42.0,2_scaling_n,,
real_english_s42,real_english,sellers,100000,21,2,20,2,10616.0,73.0,False,42.0,2_scaling_n,,
real_english_s42,real_english,pigeonhole,100000,21,2,20,2,1000.0,73.0,False,42.0,2_scaling_n,,
real_english_s42,real_english,seed,100000,21,2,20,2,0.0,0.0,False,42.0,2_scaling_n,,
real_english_s7,real_english,brute,100000,20,2,20,2,,,True,7.0,2_scaling_n,,
real_english_s7,real_english,sellers,100000,20,2,20,2,10080.0,72.0,False,7.0,2_scaling_n,,
real_english_s7,real_english,pigeonhole,100000,20,2,20,2,0.0,72.0,False,7.0,2_scaling_n,,
real_english_s7,real_english,seed,100000,20,2,20,2,1003.0,72.0,False,7.0,2_scaling_n,,
real_english_s1729,real_english,brute,100000,21,2,20,2,,,True,1729.0,2_scaling_n,,
real_english_s1729,real_english,sellers,100000,21,2,20,2,10746.0,73.0,False,1729.0,2_scaling_n,,
real_english_s1729,real_english,pigeonhole,100000,21,2,20,2,2163.0,73.0,False,1729.0,2_scaling_n,,
real_english_s1729,real_english,seed,100000,21,2,20,2,1000.0,0.0,False,1729.0,2_scaling_n,,
real_english_s42,real_english,brute,200000,21,2,20,2,,,True,42.0,2_scaling_n,,
real_english_s42,real_english,sellers,200000,21,2,20,2,21835.0,146.0,False,42.0,2_scaling_n,,
real_english_s42,real_english,pigeonhole,200000,21,2,20,2,2995.0,146.0,False,42.0,2_scaling_n,,
real_english_s42,real_english,seed,200000,21,2,20,2,12085.0,0.0,False,42.0,2_scaling_n,,
real_english_s7,real_english,brute,200000,20,2,20,2,,,True,7.0,2_scaling_n,,
real_english_s7,real_english,sellers,200000,20,2,20,2,14562.0,145.0,False,7.0,2_scaling_n,,
real_english_s7,real_english,pigeonhole,200000,20,2,20,2,3830.0,145.0,False,7.0,2_scaling_n,,
real_english_s7,real_english,seed,200000,20,2,20,2,12706.0,145.0,False,7.0,2_scaling_n,,
real_english_s1729,real_english,brute,200000,21,2,20,2,,,True,1729.0,2_scaling_n,,
real_english_s1729,real_english,sellers,200000,21,2,20,2,15490.0,145.0,False,1729.0,2_scaling_n,,
real_english_s1729,real_english,pigeonhole,200000,21,2,20,2,3466.0,145.0,False,1729.0,2_scaling_n,,
real_english_s1729,real_english,seed,200000,21,2,20,2,5752.0,0.0,False,1729.0,2_scaling_n,,
dna_s42,dna,brute,20000,10,2,8,2,3182.0,22.0,False,42.0,3_scaling_m,,
dna_s42,dna,sellers,20000,10,2,8,2,0.0,23.0,False,42.0,3_scaling_m,,
dna_s42,dna,pigeonhole,20000,10,2,8,2,0.0,23.0,False,42.0,3_scaling_m,,
dna_s42,dna,seed,20000,10,2,8,2,1056.0,6.0,False,42.0,3_scaling_m,,
dna_s7,dna,brute,20000,6,2,8,2,1004.0,1853.0,False,7.0,3_scaling_m,,
dna_s7,dna,sellers,20000,6,2,8,2,0.0,1744.0,False,7.0,3_scaling_m,,
dna_s7,dna,pigeonhole,20000,6,2,8,2,5457.0,1744.0,False,7.0,3_scaling_m,,
dna_s7,dna,seed,20000,6,2,8,2,0.0,786.0,False,7.0,3_scaling_m,,
dna_s1729,dna,brute,20000,8,2,8,2,3950.0,183.0,False,1729.0,3_scaling_m,,
dna_s1729,dna,sellers,20000,8,2,8,2,0.0,188.0,False,1729.0,3_scaling_m,,
dna_s1729,dna,pigeonhole,20000,8,2,8,2,0.0,188.0,False,1729.0,3_scaling_m,,
dna_s1729,dna,seed,20000,8,2,8,2,0.0,77.0,False,1729.0,3_scaling_m,,
dna_s31337,dna,brute,20000,8,2,8,2,4029.0,299.0,False,31337.0,3_scaling_m,,
dna_s31337,dna,sellers,20000,8,2,8,2,0.0,304.0,False,31337.0,3_scaling_m,,
dna_s31337,dna,pigeonhole,20000,8,2,8,2,3150.0,304.0,False,31337.0,3_scaling_m,,
dna_s31337,dna,seed,20000,8,2,8,2,0.0,74.0,False,31337.0,3_scaling_m,,
dna_s271828,dna,brute,20000,7,2,8,2,0.0,856.0,False,271828.0,3_scaling_m,,
dna_s271828,dna,sellers,20000,7,2,8,2,0.0,855.0,False,271828.0,3_scaling_m,,
dna_s271828,dna,pigeonhole,20000,7,2,8,2,0.0,855.0,False,271828.0,3_scaling_m,,
dna_s271828,dna,seed,20000,7,2,8,2,994.0,247.0,False,271828.0,3_scaling_m,,
dna_s42,dna,brute,20000,14,2,12,2,2080.0,1.0,False,42.0,3_scaling_m,,
dna_s42,dna,sellers,20000,14,2,12,2,0.0,1.0,False,42.0,3_scaling_m,,
dna_s42,dna,pigeonhole,20000,14,2,12,2,0.0,1.0,False,42.0,3_scaling_m,,
dna_s42,dna,seed,20000,14,2,12,2,0.0,0.0,False,42.0,3_scaling_m,,
dna_s7,dna,brute,20000,11,2,12,2,0.0,13.0,False,7.0,3_scaling_m,,
dna_s7,dna,sellers,20000,11,2,12,2,0.0,15.0,False,7.0,3_scaling_m,,
dna_s7,dna,pigeonhole,20000,11,2,12,2,0.0,15.0,False,7.0,3_scaling_m,,
dna_s7,dna,seed,20000,11,2,12,2,0.0,4.0,False,7.0,3_scaling_m,,
dna_s1729,dna,brute,20000,12,2,12,2,0.0,14.0,False,1729.0,3_scaling_m,,
dna_s1729,dna,sellers,20000,12,2,12,2,0.0,12.0,False,1729.0,3_scaling_m,,
dna_s1729,dna,pigeonhole,20000,12,2,12,2,0.0,12.0,False,1729.0,3_scaling_m,,
dna_s1729,dna,seed,20000,12,2,12,2,0.0,2.0,False,1729.0,3_scaling_m,,
dna_s31337,dna,brute,20000,10,2,12,2,4466.0,36.0,False,31337.0,3_scaling_m,,
dna_s31337,dna,sellers,20000,10,2,12,2,0.0,37.0,False,31337.0,3_scaling_m,,
dna_s31337,dna,pigeonhole,20000,10,2,12,2,0.0,37.0,False,31337.0,3_scaling_m,,
dna_s31337,dna,seed,20000,10,2,12,2,0.0,8.0,False,31337.0,3_scaling_m,,
dna_s271828,dna,brute,20000,13,2,12,2,3100.0,1.0,False,271828.0,3_scaling_m,,
dna_s271828,dna,sellers,20000,13,2,12,2,0.0,1.0,False,271828.0,3_scaling_m,,
dna_s271828,dna,pigeonhole,20000,13,2,12,2,602.0,1.0,False,271828.0,3_scaling_m,,
dna_s271828,dna,seed,20000,13,2,12,2,887.0,0.0,False,271828.0,3_scaling_m,,
dna_s42,dna,brute,20000,18,2,16,2,2420.0,1.0,False,42.0,3_scaling_m,,
dna_s42,dna,sellers,20000,18,2,16,2,0.0,1.0,False,42.0,3_scaling_m,,
dna_s42,dna,pigeonhole,20000,18,2,16,2,0.0,1.0,False,42.0,3_scaling_m,,
dna_s42,dna,seed,20000,18,2,16,2,0.0,0.0,False,42.0,3_scaling_m,,
dna_s7,dna,brute,20000,14,2,16,2,2175.0,3.0,False,7.0,3_scaling_m,,
dna_s7,dna,sellers,20000,14,2,16,2,0.0,4.0,False,7.0,3_scaling_m,,
dna_s7,dna,pigeonhole,20000,14,2,16,2,607.0,4.0,False,7.0,3_scaling_m,,
dna_s7,dna,seed,20000,14,2,16,2,0.0,1.0,False,7.0,3_scaling_m,,
dna_s1729,dna,brute,20000,16,2,16,2,0.0,3.0,False,1729.0,3_scaling_m,,
dna_s1729,dna,sellers,20000,16,2,16,2,0.0,1.0,False,1729.0,3_scaling_m,,
dna_s1729,dna,pigeonhole,20000,16,2,16,2,0.0,1.0,False,1729.0,3_scaling_m,,
dna_s1729,dna,seed,20000,16,2,16,2,0.0,0.0,False,1729.0,3_scaling_m,,
dna_s31337,dna,brute,20000,16,2,16,2,0.0,1.0,False,31337.0,3_scaling_m,,
dna_s31337,dna,sellers,20000,16,2,16,2,0.0,1.0,False,31337.0,3_scaling_m,,
dna_s31337,dna,pigeonhole,20000,16,2,16,2,0.0,1.0,False,31337.0,3_scaling_m,,
dna_s31337,dna,seed,20000,16,2,16,2,0.0,0.0,False,31337.0,3_scaling_m,,
dna_s271828,dna,brute,20000,15,2,16,2,0.0,3.0,False,271828.0,3_scaling_m,,
dna_s271828,dna,sellers,20000,15,2,16,2,0.0,3.0,False,271828.0,3_scaling_m,,
dna_s271828,dna,pigeonhole,20000,15,2,16,2,0.0,3.0,False,271828.0,3_scaling_m,,
dna_s271828,dna,seed,20000,15,2,16,2,1759.0,0.0,False,271828.0,3_scaling_m,,
dna_s42,dna,brute,20000,26,2,24,2,0.0,1.0,False,42.0,3_scaling_m,,
dna_s42,dna,sellers,20000,26,2,24,2,1014.0,1.0,False,42.0,3_scaling_m,,
dna_s42,dna,pigeonhole,20000,26,2,24,2,0.0,1.0,False,42.0,3_scaling_m,,
dna_s42,dna,seed,20000,26,2,24,2,0.0,0.0,False,42.0,3_scaling_m,,
dna_s7,dna,brute,20000,23,2,24,2,0.0,1.0,False,7.0,3_scaling_m,,
dna_s7,dna,sellers,20000,23,2,24,2,0.0,1.0,False,7.0,3_scaling_m,,
dna_s7,dna,pigeonhole,20000,23,2,24,2,0.0,1.0,False,7.0,3_scaling_m,,
dna_s7,dna,seed,20000,23,2,24,2,0.0,0.0,False,7.0,3_scaling_m,,
dna_s1729,dna,brute,20000,24,2,24,2,2991.0,3.0,False,1729.0,3_scaling_m,,
dna_s1729,dna,sellers,20000,24,2,24,2,2696.0,1.0,False,1729.0,3_scaling_m,,
dna_s1729,dna,pigeonhole,20000,24,2,24,2,0.0,1.0,False,1729.0,3_scaling_m,,
dna_s1729,dna,seed,20000,24,2,24,2,0.0,0.0,False,1729.0,3_scaling_m,,
dna_s31337,dna,brute,20000,22,2,24,2,2132.0,1.0,False,31337.0,3_scaling_m,,
dna_s31337,dna,sellers,20000,22,2,24,2,0.0,5.0,False,31337.0,3_scaling_m,,
dna_s31337,dna,pigeonhole,20000,22,2,24,2,0.0,5.0,False,31337.0,3_scaling_m,,
dna_s31337,dna,seed,20000,22,2,24,2,2064.0,1.0,False,31337.0,3_scaling_m,,
dna_s271828,dna,brute,20000,25,2,24,2,0.0,1.0,False,271828.0,3_scaling_m,,
dna_s271828,dna,sellers,20000,25,2,24,2,0.0,1.0,False,271828.0,3_scaling_m,,
dna_s271828,dna,pigeonhole,20000,25,2,24,2,0.0,1.0,False,271828.0,3_scaling_m,,
dna_s271828,dna,seed,20000,25,2,24,2,0.0,0.0,False,271828.0,3_scaling_m,,
dna_s42,dna,brute,20000,34,2,32,2,0.0,1.0,False,42.0,3_scaling_m,,
dna_s42,dna,sellers,20000,34,2,32,2,0.0,1.0,False,42.0,3_scaling_m,,
dna_s42,dna,pigeonhole,20000,34,2,32,2,0.0,1.0,False,42.0,3_scaling_m,,
dna_s42,dna,seed,20000,34,2,32,2,3416.0,0.0,False,42.0,3_scaling_m,,
dna_s7,dna,brute,20000,30,2,32,2,0.0,3.0,False,7.0,3_scaling_m,,
dna_s7,dna,sellers,20000,30,2,32,2,1008.0,1.0,False,7.0,3_scaling_m,,
dna_s7,dna,pigeonhole,20000,30,2,32,2,0.0,1.0,False,7.0,3_scaling_m,,
dna_s7,dna,seed,20000,30,2,32,2,3734.0,0.0,False,7.0,3_scaling_m,,
dna_s1729,dna,brute,20000,32,2,32,2,2949.0,1.0,False,1729.0,3_scaling_m,,
dna_s1729,dna,sellers,20000,32,2,32,2,0.0,1.0,False,1729.0,3_scaling_m,,
dna_s1729,dna,pigeonhole,20000,32,2,32,2,0.0,1.0,False,1729.0,3_scaling_m,,
dna_s1729,dna,seed,20000,32,2,32,2,6973.0,0.0,False,1729.0,3_scaling_m,,
dna_s31337,dna,brute,20000,32,2,32,2,0.0,1.0,False,31337.0,3_scaling_m,,
dna_s31337,dna,sellers,20000,32,2,32,2,0.0,1.0,False,31337.0,3_scaling_m,,
dna_s31337,dna,pigeonhole,20000,32,2,32,2,407.0,1.0,False,31337.0,3_scaling_m,,
dna_s31337,dna,seed,20000,32,2,32,2,1001.0,0.0,False,31337.0,3_scaling_m,,
dna_s271828,dna,brute,20000,31,2,32,2,0.0,1.0,False,271828.0,3_scaling_m,,
dna_s271828,dna,sellers,20000,31,2,32,2,0.0,1.0,False,271828.0,3_scaling_m,,
dna_s271828,dna,pigeonhole,20000,31,2,32,2,779.0,1.0,False,271828.0,3_scaling_m,,
dna_s271828,dna,seed,20000,31,2,32,2,0.0,0.0,False,271828.0,3_scaling_m,,
dna_s42,dna,brute,20000,50,2,48,2,1004.0,1.0,False,42.0,3_scaling_m,,
dna_s42,dna,sellers,20000,50,2,48,2,5399.0,1.0,False,42.0,3_scaling_m,,
dna_s42,dna,pigeonhole,20000,50,2,48,2,0.0,1.0,False,42.0,3_scaling_m,,
dna_s42,dna,seed,20000,50,2,48,2,7083.0,0.0,False,42.0,3_scaling_m,,
dna_s7,dna,brute,20000,47,2,48,2,0.0,1.0,False,7.0,3_scaling_m,,
dna_s7,dna,sellers,20000,47,2,48,2,2039.0,1.0,False,7.0,3_scaling_m,,
dna_s7,dna,pigeonhole,20000,47,2,48,2,0.0,1.0,False,7.0,3_scaling_m,,
dna_s7,dna,seed,20000,47,2,48,2,4831.0,0.0,False,7.0,3_scaling_m,,
dna_s1729,dna,brute,20000,48,2,48,2,2851.0,1.0,False,1729.0,3_scaling_m,,
dna_s1729,dna,sellers,20000,48,2,48,2,2442.0,1.0,False,1729.0,3_scaling_m,,
dna_s1729,dna,pigeonhole,20000,48,2,48,2,0.0,1.0,False,1729.0,3_scaling_m,,
dna_s1729,dna,seed,20000,48,2,48,2,7435.0,0.0,False,1729.0,3_scaling_m,,
dna_s31337,dna,brute,20000,46,2,48,2,0.0,1.0,False,31337.0,3_scaling_m,,
dna_s31337,dna,sellers,20000,46,2,48,2,4741.0,1.0,False,31337.0,3_scaling_m,,
dna_s31337,dna,pigeonhole,20000,46,2,48,2,0.0,1.0,False,31337.0,3_scaling_m,,
dna_s31337,dna,seed,20000,46,2,48,2,7062.0,0.0,False,31337.0,3_scaling_m,,
dna_s271828,dna,brute,20000,49,2,48,2,2856.0,1.0,False,271828.0,3_scaling_m,,
dna_s271828,dna,sellers,20000,49,2,48,2,4712.0,1.0,False,271828.0,3_scaling_m,,
dna_s271828,dna,pigeonhole,20000,49,2,48,2,0.0,1.0,False,271828.0,3_scaling_m,,
dna_s271828,dna,seed,20000,49,2,48,2,4466.0,0.0,False,271828.0,3_scaling_m,,
dna_s42,dna,brute,20000,66,2,64,2,0.0,1.0,False,42.0,3_scaling_m,,
dna_s42,dna,sellers,20000,66,2,64,2,7376.0,1.0,False,42.0,3_scaling_m,,
dna_s42,dna,pigeonhole,20000,66,2,64,2,0.0,1.0,False,42.0,3_scaling_m,,
dna_s42,dna,seed,20000,66,2,64,2,3635.0,0.0,False,42.0,3_scaling_m,,
dna_s7,dna,brute,20000,62,2,64,2,0.0,3.0,False,7.0,3_scaling_m,,
dna_s7,dna,sellers,20000,62,2,64,2,8171.0,1.0,False,7.0,3_scaling_m,,
dna_s7,dna,pigeonhole,20000,62,2,64,2,0.0,1.0,False,7.0,3_scaling_m,,
dna_s7,dna,seed,20000,62,2,64,2,1003.0,0.0,False,7.0,3_scaling_m,,
dna_s1729,dna,brute,20000,64,2,64,2,3443.0,1.0,False,1729.0,3_scaling_m,,
dna_s1729,dna,sellers,20000,64,2,64,2,0.0,1.0,False,1729.0,3_scaling_m,,
dna_s1729,dna,pigeonhole,20000,64,2,64,2,0.0,1.0,False,1729.0,3_scaling_m,,
dna_s1729,dna,seed,20000,64,2,64,2,0.0,0.0,False,1729.0,3_scaling_m,,
dna_s31337,dna,brute,20000,64,2,64,2,1035.0,1.0,False,31337.0,3_scaling_m,,
dna_s31337,dna,sellers,20000,64,2,64,2,0.0,1.0,False,31337.0,3_scaling_m,,
dna_s31337,dna,pigeonhole,20000,64,2,64,2,0.0,1.0,False,31337.0,3_scaling_m,,
dna_s31337,dna,seed,20000,64,2,64,2,0.0,0.0,False,31337.0,3_scaling_m,,
dna_s271828,dna,brute,20000,63,2,64,2,0.0,1.0,False,271828.0,3_scaling_m,,
dna_s271828,dna,sellers,20000,63,2,64,2,3443.0,1.0,False,271828.0,3_scaling_m,,
dna_s271828,dna,pigeonhole,20000,63,2,64,2,0.0,1.0,False,271828.0,3_scaling_m,,
dna_s271828,dna,seed,20000,63,2,64,2,7341.0,0.0,False,271828.0,3_scaling_m,,
dna_s42,dna,brute,20000,130,2,128,2,2942.0,1.0,False,42.0,3_scaling_m,,
dna_s42,dna,sellers,20000,130,2,128,2,11401.0,1.0,False,42.0,3_scaling_m,,
dna_s42,dna,pigeonhole,20000,130,2,128,2,0.0,1.0,False,42.0,3_scaling_m,,
dna_s42,dna,seed,20000,130,2,128,2,7577.0,0.0,False,42.0,3_scaling_m,,
dna_s7,dna,brute,20000,126,2,128,2,1002.0,1.0,False,7.0,3_scaling_m,,
dna_s7,dna,sellers,20000,126,2,128,2,14856.0,1.0,False,7.0,3_scaling_m,,
dna_s7,dna,pigeonhole,20000,126,2,128,2,0.0,1.0,False,7.0,3_scaling_m,,
dna_s7,dna,seed,20000,126,2,128,2,1039.0,0.0,False,7.0,3_scaling_m,,
dna_s1729,dna,brute,20000,128,2,128,2,4008.0,1.0,False,1729.0,3_scaling_m,,
dna_s1729,dna,sellers,20000,128,2,128,2,11922.0,1.0,False,1729.0,3_scaling_m,,
dna_s1729,dna,pigeonhole,20000,128,2,128,2,0.0,1.0,False,1729.0,3_scaling_m,,
dna_s1729,dna,seed,20000,128,2,128,2,3124.0,0.0,False,1729.0,3_scaling_m,,
dna_s31337,dna,brute,20000,128,2,128,2,1982.0,1.0,False,31337.0,3_scaling_m,,
dna_s31337,dna,sellers,20000,128,2,128,2,15667.0,1.0,False,31337.0,3_scaling_m,,
dna_s31337,dna,pigeonhole,20000,128,2,128,2,1000.0,1.0,False,31337.0,3_scaling_m,,
dna_s31337,dna,seed,20000,128,2,128,2,5492.0,0.0,False,31337.0,3_scaling_m,,
dna_s271828,dna,brute,20000,127,2,128,2,0.0,1.0,False,271828.0,3_scaling_m,,
dna_s271828,dna,sellers,20000,127,2,128,2,14786.0,1.0,False,271828.0,3_scaling_m,,
dna_s271828,dna,pigeonhole,20000,127,2,128,2,0.0,1.0,False,271828.0,3_scaling_m,,
dna_s271828,dna,seed,20000,127,2,128,2,3657.0,0.0,False,271828.0,3_scaling_m,,
dna_s42,dna,brute,20000,258,2,256,2,0.0,1.0,False,42.0,3_scaling_m,,
dna_s42,dna,sellers,20000,258,2,256,2,31573.0,1.0,False,42.0,3_scaling_m,,
dna_s42,dna,pigeonhole,20000,258,2,256,2,748.0,1.0,False,42.0,3_scaling_m,,
dna_s42,dna,seed,20000,258,2,256,2,5774.0,0.0,False,42.0,3_scaling_m,,
dna_s7,dna,brute,20000,254,2,256,2,2837.0,1.0,False,7.0,3_scaling_m,,
dna_s7,dna,sellers,20000,254,2,256,2,29209.0,1.0,False,7.0,3_scaling_m,,
dna_s7,dna,pigeonhole,20000,254,2,256,2,711.0,1.0,False,7.0,3_scaling_m,,
dna_s7,dna,seed,20000,254,2,256,2,6877.0,0.0,False,7.0,3_scaling_m,,
dna_s1729,dna,brute,20000,256,2,256,2,0.0,1.0,False,1729.0,3_scaling_m,,
dna_s1729,dna,sellers,20000,256,2,256,2,29599.0,1.0,False,1729.0,3_scaling_m,,
dna_s1729,dna,pigeonhole,20000,256,2,256,2,0.0,1.0,False,1729.0,3_scaling_m,,
dna_s1729,dna,seed,20000,256,2,256,2,6625.0,0.0,False,1729.0,3_scaling_m,,
dna_s31337,dna,brute,20000,256,2,256,2,0.0,1.0,False,31337.0,3_scaling_m,,
dna_s31337,dna,sellers,20000,256,2,256,2,26937.0,1.0,False,31337.0,3_scaling_m,,
dna_s31337,dna,pigeonhole,20000,256,2,256,2,0.0,1.0,False,31337.0,3_scaling_m,,
dna_s31337,dna,seed,20000,256,2,256,2,0.0,0.0,False,31337.0,3_scaling_m,,
dna_s271828,dna,brute,20000,255,2,256,2,2435.0,1.0,False,271828.0,3_scaling_m,,
dna_s271828,dna,sellers,20000,255,2,256,2,28921.0,1.0,False,271828.0,3_scaling_m,,
dna_s271828,dna,pigeonhole,20000,255,2,256,2,0.0,1.0,False,271828.0,3_scaling_m,,
dna_s271828,dna,seed,20000,255,2,256,2,6745.0,0.0,False,271828.0,3_scaling_m,,
dna_s42,dna,brute,20000,32,0,32,0,0.0,1.0,False,42.0,4_scaling_k,,
dna_s42,dna,sellers,20000,32,0,32,0,0.0,1.0,False,42.0,4_scaling_k,,
dna_s42,dna,pigeonhole,20000,32,0,32,0,0.0,1.0,False,42.0,4_scaling_k,,
dna_s42,dna,seed,20000,32,0,32,0,4406.0,1.0,False,42.0,4_scaling_k,,
dna_s7,dna,brute,20000,32,0,32,0,0.0,1.0,False,7.0,4_scaling_k,,
dna_s7,dna,sellers,20000,32,0,32,0,0.0,1.0,False,7.0,4_scaling_k,,
dna_s7,dna,pigeonhole,20000,32,0,32,0,0.0,1.0,False,7.0,4_scaling_k,,
dna_s7,dna,seed,20000,32,0,32,0,0.0,1.0,False,7.0,4_scaling_k,,
dna_s1729,dna,brute,20000,32,0,32,0,0.0,1.0,False,1729.0,4_scaling_k,,
dna_s1729,dna,sellers,20000,32,0,32,0,0.0,1.0,False,1729.0,4_scaling_k,,
dna_s1729,dna,pigeonhole,20000,32,0,32,0,0.0,1.0,False,1729.0,4_scaling_k,,
dna_s1729,dna,seed,20000,32,0,32,0,0.0,1.0,False,1729.0,4_scaling_k,,
dna_s31337,dna,brute,20000,32,0,32,0,0.0,1.0,False,31337.0,4_scaling_k,,
dna_s31337,dna,sellers,20000,32,0,32,0,0.0,1.0,False,31337.0,4_scaling_k,,
dna_s31337,dna,pigeonhole,20000,32,0,32,0,0.0,1.0,False,31337.0,4_scaling_k,,
dna_s31337,dna,seed,20000,32,0,32,0,1042.0,1.0,False,31337.0,4_scaling_k,,
dna_s271828,dna,brute,20000,32,0,32,0,0.0,1.0,False,271828.0,4_scaling_k,,
dna_s271828,dna,sellers,20000,32,0,32,0,0.0,1.0,False,271828.0,4_scaling_k,,
dna_s271828,dna,pigeonhole,20000,32,0,32,0,0.0,1.0,False,271828.0,4_scaling_k,,
dna_s271828,dna,seed,20000,32,0,32,0,0.0,1.0,False,271828.0,4_scaling_k,,
dna_s42,dna,brute,20000,33,1,32,1,666.0,1.0,False,42.0,4_scaling_k,,
dna_s42,dna,sellers,20000,33,1,32,1,4611.0,1.0,False,42.0,4_scaling_k,,
dna_s42,dna,pigeonhole,20000,33,1,32,1,0.0,1.0,False,42.0,4_scaling_k,,
dna_s42,dna,seed,20000,33,1,32,1,0.0,0.0,False,42.0,4_scaling_k,,
dna_s7,dna,brute,20000,31,1,32,1,0.0,3.0,False,7.0,4_scaling_k,,
dna_s7,dna,sellers,20000,31,1,32,1,2879.0,1.0,False,7.0,4_scaling_k,,
dna_s7,dna,pigeonhole,20000,31,1,32,1,0.0,1.0,False,7.0,4_scaling_k,,
dna_s7,dna,seed,20000,31,1,32,1,4810.0,1.0,False,7.0,4_scaling_k,,
dna_s1729,dna,brute,20000,33,1,32,1,0.0,1.0,False,1729.0,4_scaling_k,,
dna_s1729,dna,sellers,20000,33,1,32,1,1002.0,1.0,False,1729.0,4_scaling_k,,
dna_s1729,dna,pigeonhole,20000,33,1,32,1,0.0,1.0,False,1729.0,4_scaling_k,,
dna_s1729,dna,seed,20000,33,1,32,1,5304.0,0.0,False,1729.0,4_scaling_k,,
dna_s31337,dna,brute,20000,31,1,32,1,0.0,1.0,False,31337.0,4_scaling_k,,
dna_s31337,dna,sellers,20000,31,1,32,1,1037.0,1.0,False,31337.0,4_scaling_k,,
dna_s31337,dna,pigeonhole,20000,31,1,32,1,0.0,1.0,False,31337.0,4_scaling_k,,
dna_s31337,dna,seed,20000,31,1,32,1,2667.0,0.0,False,31337.0,4_scaling_k,,
dna_s271828,dna,brute,20000,32,1,32,1,0.0,1.0,False,271828.0,4_scaling_k,,
dna_s271828,dna,sellers,20000,32,1,32,1,1710.0,1.0,False,271828.0,4_scaling_k,,
dna_s271828,dna,pigeonhole,20000,32,1,32,1,0.0,1.0,False,271828.0,4_scaling_k,,
dna_s271828,dna,seed,20000,32,1,32,1,7637.0,1.0,False,271828.0,4_scaling_k,,
dna_s42,dna,brute,20000,34,2,32,2,0.0,1.0,False,42.0,4_scaling_k,,
dna_s42,dna,sellers,20000,34,2,32,2,0.0,1.0,False,42.0,4_scaling_k,,
dna_s42,dna,pigeonhole,20000,34,2,32,2,0.0,1.0,False,42.0,4_scaling_k,,
dna_s42,dna,seed,20000,34,2,32,2,7003.0,0.0,False,42.0,4_scaling_k,,
dna_s7,dna,brute,20000,30,2,32,2,0.0,3.0,False,7.0,4_scaling_k,,
dna_s7,dna,sellers,20000,30,2,32,2,2930.0,1.0,False,7.0,4_scaling_k,,
dna_s7,dna,pigeonhole,20000,30,2,32,2,0.0,1.0,False,7.0,4_scaling_k,,
dna_s7,dna,seed,20000,30,2,32,2,0.0,0.0,False,7.0,4_scaling_k,,
dna_s1729,dna,brute,20000,32,2,32,2,0.0,1.0,False,1729.0,4_scaling_k,,
dna_s1729,dna,sellers,20000,32,2,32,2,0.0,1.0,False,1729.0,4_scaling_k,,
dna_s1729,dna,pigeonhole,20000,32,2,32,2,0.0,1.0,False,1729.0,4_scaling_k,,
dna_s1729,dna,seed,20000,32,2,32,2,1003.0,0.0,False,1729.0,4_scaling_k,,
dna_s31337,dna,brute,20000,32,2,32,2,998.0,1.0,False,31337.0,4_scaling_k,,
dna_s31337,dna,sellers,20000,32,2,32,2,1001.0,1.0,False,31337.0,4_scaling_k,,
dna_s31337,dna,pigeonhole,20000,32,2,32,2,0.0,1.0,False,31337.0,4_scaling_k,,
dna_s31337,dna,seed,20000,32,2,32,2,5707.0,0.0,False,31337.0,4_scaling_k,,
dna_s271828,dna,brute,20000,31,2,32,2,0.0,1.0,False,271828.0,4_scaling_k,,
dna_s271828,dna,sellers,20000,31,2,32,2,0.0,1.0,False,271828.0,4_scaling_k,,
dna_s271828,dna,pigeonhole,20000,31,2,32,2,0.0,1.0,False,271828.0,4_scaling_k,,
dna_s271828,dna,seed,20000,31,2,32,2,0.0,0.0,False,271828.0,4_scaling_k,,
dna_s42,dna,brute,20000,34,3,32,3,6932.0,1.0,False,42.0,4_scaling_k,,
dna_s42,dna,sellers,20000,34,3,32,3,0.0,1.0,False,42.0,4_scaling_k,,
dna_s42,dna,pigeonhole,20000,34,3,32,3,0.0,1.0,False,42.0,4_scaling_k,,
dna_s42,dna,seed,20000,34,3,32,3,0.0,0.0,False,42.0,4_scaling_k,,
dna_s7,dna,brute,20000,30,3,32,3,13181.0,3.0,False,7.0,4_scaling_k,,
dna_s7,dna,sellers,20000,30,3,32,3,3092.0,1.0,False,7.0,4_scaling_k,,
dna_s7,dna,pigeonhole,20000,30,3,32,3,0.0,1.0,False,7.0,4_scaling_k,,
dna_s7,dna,seed,20000,30,3,32,3,1002.0,0.0,False,7.0,4_scaling_k,,
dna_s1729,dna,brute,20000,33,3,32,3,13717.0,1.0,False,1729.0,4_scaling_k,,
dna_s1729,dna,sellers,20000,33,3,32,3,0.0,1.0,False,1729.0,4_scaling_k,,
dna_s1729,dna,pigeonhole,20000,33,3,32,3,0.0,1.0,False,1729.0,4_scaling_k,,
dna_s1729,dna,seed,20000,33,3,32,3,0.0,0.0,False,1729.0,4_scaling_k,,
dna_s31337,dna,brute,20000,31,3,32,3,13417.0,1.0,False,31337.0,4_scaling_k,,
dna_s31337,dna,sellers,20000,31,3,32,3,0.0,1.0,False,31337.0,4_scaling_k,,
dna_s31337,dna,pigeonhole,20000,31,3,32,3,0.0,1.0,False,31337.0,4_scaling_k,,
dna_s31337,dna,seed,20000,31,3,32,3,1004.0,0.0,False,31337.0,4_scaling_k,,
dna_s271828,dna,brute,20000,30,3,32,3,15583.0,1.0,False,271828.0,4_scaling_k,,
dna_s271828,dna,sellers,20000,30,3,32,3,2279.0,1.0,False,271828.0,4_scaling_k,,
dna_s271828,dna,pigeonhole,20000,30,3,32,3,0.0,1.0,False,271828.0,4_scaling_k,,
dna_s271828,dna,seed,20000,30,3,32,3,1007.0,0.0,False,271828.0,4_scaling_k,,
dna_s42,dna,brute,20000,33,4,32,4,,,True,42.0,4_scaling_k,,
dna_s42,dna,sellers,20000,33,4,32,4,0.0,1.0,False,42.0,4_scaling_k,,
dna_s42,dna,pigeonhole,20000,33,4,32,4,0.0,1.0,False,42.0,4_scaling_k,,
dna_s42,dna,seed,20000,33,4,32,4,0.0,0.0,False,42.0,4_scaling_k,,
dna_s7,dna,brute,20000,31,4,32,4,,,True,7.0,4_scaling_k,,
dna_s7,dna,sellers,20000,31,4,32,4,2268.0,1.0,False,7.0,4_scaling_k,,
dna_s7,dna,pigeonhole,20000,31,4,32,4,0.0,1.0,False,7.0,4_scaling_k,,
dna_s7,dna,seed,20000,31,4,32,4,0.0,0.0,False,7.0,4_scaling_k,,
dna_s1729,dna,brute,20000,33,4,32,4,,,True,1729.0,4_scaling_k,,
dna_s1729,dna,sellers,20000,33,4,32,4,0.0,1.0,False,1729.0,4_scaling_k,,
dna_s1729,dna,pigeonhole,20000,33,4,32,4,2000.0,1.0,False,1729.0,4_scaling_k,,
dna_s1729,dna,seed,20000,33,4,32,4,0.0,0.0,False,1729.0,4_scaling_k,,
dna_s31337,dna,brute,20000,30,4,32,4,,,True,31337.0,4_scaling_k,,
dna_s31337,dna,sellers,20000,30,4,32,4,0.0,1.0,False,31337.0,4_scaling_k,,
dna_s31337,dna,pigeonhole,20000,30,4,32,4,0.0,1.0,False,31337.0,4_scaling_k,,
dna_s31337,dna,seed,20000,30,4,32,4,1004.0,0.0,False,31337.0,4_scaling_k,,
dna_s271828,dna,brute,20000,30,4,32,4,,,True,271828.0,4_scaling_k,,
dna_s271828,dna,sellers,20000,30,4,32,4,3206.0,1.0,False,271828.0,4_scaling_k,,
dna_s271828,dna,pigeonhole,20000,30,4,32,4,0.0,1.0,False,271828.0,4_scaling_k,,
dna_s271828,dna,seed,20000,30,4,32,4,0.0,0.0,False,271828.0,4_scaling_k,,
dna_s42,dna,brute,20000,33,6,32,6,,,True,42.0,4_scaling_k,,
dna_s42,dna,sellers,20000,33,6,32,6,0.0,1.0,False,42.0,4_scaling_k,,
dna_s42,dna,pigeonhole,20000,33,6,32,6,6281.0,1.0,False,42.0,4_scaling_k,,
dna_s42,dna,seed,20000,33,6,32,6,0.0,0.0,False,42.0,4_scaling_k,,
dna_s7,dna,brute,20000,29,6,32,6,,,True,7.0,4_scaling_k,,
dna_s7,dna,sellers,20000,29,6,32,6,0.0,3.0,False,7.0,4_scaling_k,,
dna_s7,dna,pigeonhole,20000,29,6,32,6,5542.0,3.0,False,7.0,4_scaling_k,,
dna_s7,dna,seed,20000,29,6,32,6,0.0,0.0,False,7.0,4_scaling_k,,
dna_s1729,dna,brute,20000,32,6,32,6,,,True,1729.0,4_scaling_k,,
dna_s1729,dna,sellers,20000,32,6,32,6,0.0,5.0,False,1729.0,4_scaling_k,,
dna_s1729,dna,pigeonhole,20000,32,6,32,6,6445.0,5.0,False,1729.0,4_scaling_k,,
dna_s1729,dna,seed,20000,32,6,32,6,0.0,0.0,False,1729.0,4_scaling_k,,
dna_s31337,dna,brute,20000,28,6,32,6,,,True,31337.0,4_scaling_k,,
dna_s31337,dna,sellers,20000,28,6,32,6,0.0,8.0,False,31337.0,4_scaling_k,,
dna_s31337,dna,pigeonhole,20000,28,6,32,6,7997.0,8.0,False,31337.0,4_scaling_k,,
dna_s31337,dna,seed,20000,28,6,32,6,0.0,0.0,False,31337.0,4_scaling_k,,
dna_s271828,dna,brute,20000,29,6,32,6,,,True,271828.0,4_scaling_k,,
dna_s271828,dna,sellers,20000,29,6,32,6,2841.0,1.0,False,271828.0,4_scaling_k,,
dna_s271828,dna,pigeonhole,20000,29,6,32,6,8321.0,1.0,False,271828.0,4_scaling_k,,
dna_s271828,dna,seed,20000,29,6,32,6,0.0,0.0,False,271828.0,4_scaling_k,,
dna_s42,dna,brute,20000,33,8,32,8,,,True,42.0,4_scaling_k,,
dna_s42,dna,sellers,20000,33,8,32,8,3235.0,5.0,False,42.0,4_scaling_k,,
dna_s42,dna,pigeonhole,20000,33,8,32,8,39409.0,5.0,False,42.0,4_scaling_k,,
dna_s42,dna,seed,20000,33,8,32,8,0.0,0.0,False,42.0,4_scaling_k,,
dna_s7,dna,brute,20000,30,8,32,8,,,True,7.0,4_scaling_k,,
dna_s7,dna,sellers,20000,30,8,32,8,0.0,6.0,False,7.0,4_scaling_k,,
dna_s7,dna,pigeonhole,20000,30,8,32,8,31863.0,6.0,False,7.0,4_scaling_k,,
dna_s7,dna,seed,20000,30,8,32,8,2187.0,0.0,False,7.0,4_scaling_k,,
dna_s1729,dna,brute,20000,34,8,32,8,,,True,1729.0,4_scaling_k,,
dna_s1729,dna,sellers,20000,34,8,32,8,4531.0,8.0,False,1729.0,4_scaling_k,,
dna_s1729,dna,pigeonhole,20000,34,8,32,8,32913.0,8.0,False,1729.0,4_scaling_k,,
dna_s1729,dna,seed,20000,34,8,32,8,0.0,0.0,False,1729.0,4_scaling_k,,
dna_s31337,dna,brute,20000,30,8,32,8,,,True,31337.0,4_scaling_k,,
dna_s31337,dna,sellers,20000,30,8,32,8,0.0,8.0,False,31337.0,4_scaling_k,,
dna_s31337,dna,pigeonhole,20000,30,8,32,8,33507.0,8.0,False,31337.0,4_scaling_k,,
dna_s31337,dna,seed,20000,30,8,32,8,0.0,0.0,False,31337.0,4_scaling_k,,
dna_s271828,dna,brute,20000,29,8,32,8,,,True,271828.0,4_scaling_k,,
dna_s271828,dna,sellers,20000,29,8,32,8,0.0,5.0,False,271828.0,4_scaling_k,,
dna_s271828,dna,pigeonhole,20000,29,8,32,8,27828.0,5.0,False,271828.0,4_scaling_k,,
dna_s271828,dna,seed,20000,29,8,32,8,0.0,0.0,False,271828.0,4_scaling_k,,
dna_s42,dna,brute,20000,33,12,32,12,,,True,42.0,4_scaling_k,,
dna_s42,dna,sellers,20000,33,12,32,12,4211.0,48.0,False,42.0,4_scaling_k,,
dna_s42,dna,pigeonhole,20000,33,12,32,12,225724.0,48.0,False,42.0,4_scaling_k,,
dna_s42,dna,seed,20000,33,12,32,12,4571.0,0.0,False,42.0,4_scaling_k,,
dna_s7,dna,brute,20000,30,12,32,12,,,True,7.0,4_scaling_k,,
dna_s7,dna,sellers,20000,30,12,32,12,0.0,344.0,False,7.0,4_scaling_k,,
dna_s7,dna,pigeonhole,20000,30,12,32,12,208433.0,344.0,False,7.0,4_scaling_k,,
dna_s7,dna,seed,20000,30,12,32,12,5763.0,3.0,False,7.0,4_scaling_k,,
dna_s1729,dna,brute,20000,35,12,32,12,,,True,1729.0,4_scaling_k,,
dna_s1729,dna,sellers,20000,35,12,32,12,5406.0,16.0,False,1729.0,4_scaling_k,,
dna_s1729,dna,pigeonhole,20000,35,12,32,12,259259.0,16.0,False,1729.0,4_scaling_k,,
dna_s1729,dna,seed,20000,35,12,32,12,5937.0,0.0,False,1729.0,4_scaling_k,,
dna_s31337,dna,brute,20000,31,12,32,12,,,True,31337.0,4_scaling_k,,
dna_s31337,dna,sellers,20000,31,12,32,12,4432.0,178.0,False,31337.0,4_scaling_k,,
dna_s31337,dna,pigeonhole,20000,31,12,32,12,214124.0,178.0,False,31337.0,4_scaling_k,,
dna_s31337,dna,seed,20000,31,12,32,12,5875.0,1.0,False,31337.0,4_scaling_k,,
dna_s271828,dna,brute,20000,27,12,32,12,,,True,271828.0,4_scaling_k,,
dna_s271828,dna,sellers,20000,27,12,32,12,0.0,1766.0,False,271828.0,4_scaling_k,,
dna_s271828,dna,pigeonhole,20000,27,12,32,12,192576.0,1766.0,False,271828.0,4_scaling_k,,
dna_s271828,dna,seed,20000,27,12,32,12,4544.0,19.0,False,271828.0,4_scaling_k,,
dna_s42,dna,brute,20000,33,16,32,16,,,True,42.0,4_scaling_k,,
dna_s42,dna,sellers,20000,33,16,32,16,0.0,7477.0,False,42.0,4_scaling_k,,
dna_s42,dna,pigeonhole,20000,33,16,32,16,1522828.0,7477.0,False,42.0,4_scaling_k,,
dna_s42,dna,seed,20000,33,16,32,16,2072.0,27.0,False,42.0,4_scaling_k,,
dna_s7,dna,brute,20000,28,16,32,16,,,True,7.0,4_scaling_k,,
dna_s7,dna,sellers,20000,28,16,32,16,0.0,18656.0,False,7.0,4_scaling_k,,
dna_s7,dna,pigeonhole,20000,28,16,32,16,1333899.0,18656.0,False,7.0,4_scaling_k,,
dna_s7,dna,seed,20000,28,16,32,16,6634.0,581.0,False,7.0,4_scaling_k,,
dna_s1729,dna,brute,20000,37,16,32,16,,,True,1729.0,4_scaling_k,,
dna_s1729,dna,sellers,20000,37,16,32,16,4586.0,478.0,False,1729.0,4_scaling_k,,
dna_s1729,dna,pigeonhole,20000,37,16,32,16,438451.0,478.0,False,1729.0,4_scaling_k,,
dna_s1729,dna,seed,20000,37,16,32,16,2581.0,0.0,False,1729.0,4_scaling_k,,
dna_s31337,dna,brute,20000,31,16,32,16,,,True,31337.0,4_scaling_k,,
dna_s31337,dna,sellers,20000,31,16,32,16,0.0,13457.0,False,31337.0,4_scaling_k,,
dna_s31337,dna,pigeonhole,20000,31,16,32,16,1448201.0,13457.0,False,31337.0,4_scaling_k,,
dna_s31337,dna,seed,20000,31,16,32,16,6926.0,78.0,False,31337.0,4_scaling_k,,
dna_s271828,dna,brute,20000,28,16,32,16,,,True,271828.0,4_scaling_k,,
dna_s271828,dna,sellers,20000,28,16,32,16,4544.0,18554.0,False,271828.0,4_scaling_k,,
dna_s271828,dna,pigeonhole,20000,28,16,32,16,1302396.0,18554.0,False,271828.0,4_scaling_k,,
dna_s271828,dna,seed,20000,28,16,32,16,4019.0,580.0,False,271828.0,4_scaling_k,,
sigma2_s42,sigma2,brute,20000,22,2,22,2,5827.0,5.0,False,42.0,5_sigma,2.0,
sigma2_s42,sigma2,sellers,20000,22,2,22,2,0.0,3.0,False,42.0,5_sigma,2.0,
sigma2_s42,sigma2,pigeonhole,20000,22,2,22,2,0.0,1.0,False,42.0,5_sigma,2.0,
sigma2_s42,sigma2,seed,20000,22,2,22,2,0.0,0.0,False,42.0,5_sigma,2.0,
sigma2_s7,sigma2,brute,20000,19,2,19,2,0.0,30.0,False,7.0,5_sigma,2.0,
sigma2_s7,sigma2,sellers,20000,19,2,19,2,0.0,28.0,False,7.0,5_sigma,2.0,
sigma2_s7,sigma2,pigeonhole,20000,19,2,19,2,2342.0,61.0,False,7.0,5_sigma,2.0,
sigma2_s7,sigma2,seed,20000,19,2,19,2,0.0,8.0,False,7.0,5_sigma,2.0,
sigma2_s1729,sigma2,brute,20000,20,2,20,2,0.0,22.0,False,1729.0,5_sigma,2.0,
sigma2_s1729,sigma2,sellers,20000,20,2,20,2,0.0,24.0,False,1729.0,5_sigma,2.0,
sigma2_s1729,sigma2,pigeonhole,20000,20,2,20,2,1002.0,24.0,False,1729.0,5_sigma,2.0,
sigma2_s1729,sigma2,seed,20000,20,2,20,2,0.0,5.0,False,1729.0,5_sigma,2.0,
sigma2_s31337,sigma2,brute,20000,18,2,18,2,0.0,47.0,False,31337.0,5_sigma,2.0,
sigma2_s31337,sigma2,sellers,20000,18,2,18,2,0.0,53.0,False,31337.0,5_sigma,2.0,
sigma2_s31337,sigma2,pigeonhole,20000,18,2,18,2,5366.0,68.0,False,31337.0,5_sigma,2.0,
sigma2_s31337,sigma2,seed,20000,18,2,18,2,0.0,11.0,False,31337.0,5_sigma,2.0,
sigma2_s271828,sigma2,brute,20000,21,2,21,2,0.0,12.0,False,271828.0,5_sigma,2.0,
sigma2_s271828,sigma2,sellers,20000,21,2,21,2,0.0,12.0,False,271828.0,5_sigma,2.0,
sigma2_s271828,sigma2,pigeonhole,20000,21,2,21,2,2918.0,5.0,False,271828.0,5_sigma,2.0,
sigma2_s271828,sigma2,seed,20000,21,2,21,2,0.0,2.0,False,271828.0,5_sigma,2.0,
sigma4_s42,sigma4,brute,20000,22,2,22,2,5693.0,1.0,False,42.0,5_sigma,4.0,
sigma4_s42,sigma4,sellers,20000,22,2,22,2,1713.0,1.0,False,42.0,5_sigma,4.0,
sigma4_s42,sigma4,pigeonhole,20000,22,2,22,2,0.0,1.0,False,42.0,5_sigma,4.0,
sigma4_s42,sigma4,seed,20000,22,2,22,2,0.0,0.0,False,42.0,5_sigma,4.0,
sigma4_s7,sigma4,brute,20000,19,2,19,2,0.0,1.0,False,7.0,5_sigma,4.0,
sigma4_s7,sigma4,sellers,20000,19,2,19,2,0.0,3.0,False,7.0,5_sigma,4.0,
sigma4_s7,sigma4,pigeonhole,20000,19,2,19,2,0.0,3.0,False,7.0,5_sigma,4.0,
sigma4_s7,sigma4,seed,20000,19,2,19,2,0.0,1.0,False,7.0,5_sigma,4.0,
sigma4_s1729,sigma4,brute,20000,20,2,20,2,0.0,3.0,False,1729.0,5_sigma,4.0,
sigma4_s1729,sigma4,sellers,20000,20,2,20,2,0.0,1.0,False,1729.0,5_sigma,4.0,
sigma4_s1729,sigma4,pigeonhole,20000,20,2,20,2,0.0,1.0,False,1729.0,5_sigma,4.0,
sigma4_s1729,sigma4,seed,20000,20,2,20,2,0.0,0.0,False,1729.0,5_sigma,4.0,
sigma4_s31337,sigma4,brute,20000,18,2,18,2,0.0,3.0,False,31337.0,5_sigma,4.0,
sigma4_s31337,sigma4,sellers,20000,18,2,18,2,0.0,3.0,False,31337.0,5_sigma,4.0,
sigma4_s31337,sigma4,pigeonhole,20000,18,2,18,2,0.0,1.0,False,31337.0,5_sigma,4.0,
sigma4_s31337,sigma4,seed,20000,18,2,18,2,0.0,0.0,False,31337.0,5_sigma,4.0,
sigma4_s271828,sigma4,brute,20000,21,2,21,2,1006.0,1.0,False,271828.0,5_sigma,4.0,
sigma4_s271828,sigma4,sellers,20000,21,2,21,2,0.0,1.0,False,271828.0,5_sigma,4.0,
sigma4_s271828,sigma4,pigeonhole,20000,21,2,21,2,0.0,1.0,False,271828.0,5_sigma,4.0,
sigma4_s271828,sigma4,seed,20000,21,2,21,2,0.0,0.0,False,271828.0,5_sigma,4.0,
sigma8_s42,sigma8,brute,20000,22,2,22,2,0.0,1.0,False,42.0,5_sigma,8.0,
sigma8_s42,sigma8,sellers,20000,22,2,22,2,0.0,1.0,False,42.0,5_sigma,8.0,
sigma8_s42,sigma8,pigeonhole,20000,22,2,22,2,0.0,1.0,False,42.0,5_sigma,8.0,
sigma8_s42,sigma8,seed,20000,22,2,22,2,7454.0,0.0,False,42.0,5_sigma,8.0,
sigma8_s7,sigma8,brute,20000,19,2,19,2,1997.0,1.0,False,7.0,5_sigma,8.0,
sigma8_s7,sigma8,sellers,20000,19,2,19,2,0.0,3.0,False,7.0,5_sigma,8.0,
sigma8_s7,sigma8,pigeonhole,20000,19,2,19,2,0.0,3.0,False,7.0,5_sigma,8.0,
sigma8_s7,sigma8,seed,20000,19,2,19,2,0.0,1.0,False,7.0,5_sigma,8.0,
sigma8_s1729,sigma8,brute,20000,20,2,20,2,0.0,3.0,False,1729.0,5_sigma,8.0,
sigma8_s1729,sigma8,sellers,20000,20,2,20,2,0.0,1.0,False,1729.0,5_sigma,8.0,
sigma8_s1729,sigma8,pigeonhole,20000,20,2,20,2,0.0,1.0,False,1729.0,5_sigma,8.0,
sigma8_s1729,sigma8,seed,20000,20,2,20,2,4673.0,0.0,False,1729.0,5_sigma,8.0,
sigma8_s31337,sigma8,brute,20000,18,2,18,2,1039.0,3.0,False,31337.0,5_sigma,8.0,
sigma8_s31337,sigma8,sellers,20000,18,2,18,2,0.0,3.0,False,31337.0,5_sigma,8.0,
sigma8_s31337,sigma8,pigeonhole,20000,18,2,18,2,0.0,1.0,False,31337.0,5_sigma,8.0,
sigma8_s31337,sigma8,seed,20000,18,2,18,2,4404.0,0.0,False,31337.0,5_sigma,8.0,
sigma8_s271828,sigma8,brute,20000,21,2,21,2,4742.0,1.0,False,271828.0,5_sigma,8.0,
sigma8_s271828,sigma8,sellers,20000,21,2,21,2,0.0,1.0,False,271828.0,5_sigma,8.0,
sigma8_s271828,sigma8,pigeonhole,20000,21,2,21,2,0.0,1.0,False,271828.0,5_sigma,8.0,
sigma8_s271828,sigma8,seed,20000,21,2,21,2,6854.0,0.0,False,271828.0,5_sigma,8.0,
sigma16_s42,sigma16,brute,20000,22,2,22,2,1006.0,1.0,False,42.0,5_sigma,16.0,
sigma16_s42,sigma16,sellers,20000,22,2,22,2,0.0,1.0,False,42.0,5_sigma,16.0,
sigma16_s42,sigma16,pigeonhole,20000,22,2,22,2,0.0,1.0,False,42.0,5_sigma,16.0,
sigma16_s42,sigma16,seed,20000,22,2,22,2,1778.0,0.0,False,42.0,5_sigma,16.0,
sigma16_s7,sigma16,brute,20000,19,2,19,2,0.0,1.0,False,7.0,5_sigma,16.0,
sigma16_s7,sigma16,sellers,20000,19,2,19,2,0.0,3.0,False,7.0,5_sigma,16.0,
sigma16_s7,sigma16,pigeonhole,20000,19,2,19,2,0.0,3.0,False,7.0,5_sigma,16.0,
sigma16_s7,sigma16,seed,20000,19,2,19,2,1011.0,1.0,False,7.0,5_sigma,16.0,
sigma16_s1729,sigma16,brute,20000,20,2,20,2,0.0,3.0,False,1729.0,5_sigma,16.0,
sigma16_s1729,sigma16,sellers,20000,20,2,20,2,0.0,1.0,False,1729.0,5_sigma,16.0,
sigma16_s1729,sigma16,pigeonhole,20000,20,2,20,2,0.0,1.0,False,1729.0,5_sigma,16.0,
sigma16_s1729,sigma16,seed,20000,20,2,20,2,0.0,0.0,False,1729.0,5_sigma,16.0,
sigma16_s31337,sigma16,brute,20000,18,2,18,2,3034.0,3.0,False,31337.0,5_sigma,16.0,
sigma16_s31337,sigma16,sellers,20000,18,2,18,2,1001.0,3.0,False,31337.0,5_sigma,16.0,
sigma16_s31337,sigma16,pigeonhole,20000,18,2,18,2,0.0,1.0,False,31337.0,5_sigma,16.0,
sigma16_s31337,sigma16,seed,20000,18,2,18,2,2596.0,0.0,False,31337.0,5_sigma,16.0,
sigma16_s271828,sigma16,brute,20000,21,2,21,2,0.0,1.0,False,271828.0,5_sigma,16.0,
sigma16_s271828,sigma16,sellers,20000,21,2,21,2,2311.0,1.0,False,271828.0,5_sigma,16.0,
sigma16_s271828,sigma16,pigeonhole,20000,21,2,21,2,0.0,1.0,False,271828.0,5_sigma,16.0,
sigma16_s271828,sigma16,seed,20000,21,2,21,2,1037.0,0.0,False,271828.0,5_sigma,16.0,
sigma26_s42,sigma26,brute,20000,22,2,22,2,0.0,1.0,False,42.0,5_sigma,26.0,
sigma26_s42,sigma26,sellers,20000,22,2,22,2,0.0,1.0,False,42.0,5_sigma,26.0,
sigma26_s42,sigma26,pigeonhole,20000,22,2,22,2,0.0,1.0,False,42.0,5_sigma,26.0,
sigma26_s42,sigma26,seed,20000,22,2,22,2,0.0,0.0,False,42.0,5_sigma,26.0,
sigma26_s7,sigma26,brute,20000,19,2,19,2,0.0,1.0,False,7.0,5_sigma,26.0,
sigma26_s7,sigma26,sellers,20000,19,2,19,2,0.0,3.0,False,7.0,5_sigma,26.0,
sigma26_s7,sigma26,pigeonhole,20000,19,2,19,2,0.0,3.0,False,7.0,5_sigma,26.0,
sigma26_s7,sigma26,seed,20000,19,2,19,2,3797.0,1.0,False,7.0,5_sigma,26.0,
sigma26_s1729,sigma26,brute,20000,22,2,22,2,1653.0,1.0,False,1729.0,5_sigma,26.0,
sigma26_s1729,sigma26,sellers,20000,22,2,22,2,0.0,1.0,False,1729.0,5_sigma,26.0,
sigma26_s1729,sigma26,pigeonhole,20000,22,2,22,2,0.0,1.0,False,1729.0,5_sigma,26.0,
sigma26_s1729,sigma26,seed,20000,22,2,22,2,1002.0,0.0,False,1729.0,5_sigma,26.0,
sigma26_s31337,sigma26,brute,20000,18,2,18,2,0.0,3.0,False,31337.0,5_sigma,26.0,
sigma26_s31337,sigma26,sellers,20000,18,2,18,2,0.0,3.0,False,31337.0,5_sigma,26.0,
sigma26_s31337,sigma26,pigeonhole,20000,18,2,18,2,0.0,1.0,False,31337.0,5_sigma,26.0,
sigma26_s31337,sigma26,seed,20000,18,2,18,2,7655.0,0.0,False,31337.0,5_sigma,26.0,
sigma26_s271828,sigma26,brute,20000,21,2,21,2,2919.0,1.0,False,271828.0,5_sigma,26.0,
sigma26_s271828,sigma26,sellers,20000,21,2,21,2,2574.0,1.0,False,271828.0,5_sigma,26.0,
sigma26_s271828,sigma26,pigeonhole,20000,21,2,21,2,0.0,1.0,False,271828.0,5_sigma,26.0,
sigma26_s271828,sigma26,seed,20000,21,2,21,2,999.0,0.0,False,271828.0,5_sigma,26.0,
sigma64_s42,sigma64,brute,20000,22,2,22,2,2634.0,1.0,False,42.0,5_sigma,64.0,
sigma64_s42,sigma64,sellers,20000,22,2,22,2,0.0,1.0,False,42.0,5_sigma,64.0,
sigma64_s42,sigma64,pigeonhole,20000,22,2,22,2,0.0,1.0,False,42.0,5_sigma,64.0,
sigma64_s42,sigma64,seed,20000,22,2,22,2,2308.0,0.0,False,42.0,5_sigma,64.0,
sigma64_s7,sigma64,brute,20000,19,2,19,2,0.0,1.0,False,7.0,5_sigma,64.0,
sigma64_s7,sigma64,sellers,20000,19,2,19,2,0.0,3.0,False,7.0,5_sigma,64.0,
sigma64_s7,sigma64,pigeonhole,20000,19,2,19,2,0.0,3.0,False,7.0,5_sigma,64.0,
sigma64_s7,sigma64,seed,20000,19,2,19,2,9542.0,1.0,False,7.0,5_sigma,64.0,
sigma64_s1729,sigma64,brute,20000,20,2,20,2,1000.0,3.0,False,1729.0,5_sigma,64.0,
sigma64_s1729,sigma64,sellers,20000,20,2,20,2,1065.0,1.0,False,1729.0,5_sigma,64.0,
sigma64_s1729,sigma64,pigeonhole,20000,20,2,20,2,0.0,1.0,False,1729.0,5_sigma,64.0,
sigma64_s1729,sigma64,seed,20000,20,2,20,2,9517.0,0.0,False,1729.0,5_sigma,64.0,
sigma64_s31337,sigma64,brute,20000,18,2,18,2,0.0,3.0,False,31337.0,5_sigma,64.0,
sigma64_s31337,sigma64,sellers,20000,18,2,18,2,0.0,3.0,False,31337.0,5_sigma,64.0,
sigma64_s31337,sigma64,pigeonhole,20000,18,2,18,2,0.0,1.0,False,31337.0,5_sigma,64.0,
sigma64_s31337,sigma64,seed,20000,18,2,18,2,3696.0,0.0,False,31337.0,5_sigma,64.0,
sigma64_s271828,sigma64,brute,20000,20,2,20,2,0.0,1.0,False,271828.0,5_sigma,64.0,
sigma64_s271828,sigma64,sellers,20000,20,2,20,2,0.0,1.0,False,271828.0,5_sigma,64.0,
sigma64_s271828,sigma64,pigeonhole,20000,20,2,20,2,0.0,1.0,False,271828.0,5_sigma,64.0,
sigma64_s271828,sigma64,seed,20000,20,2,20,2,3769.0,1.0,False,271828.0,5_sigma,64.0,
m_gt_n,edge,brute,100,200,1,200,1,0.0,0.0,False,,6_edge,,m_gt_n
m_gt_n,edge,sellers,100,200,1,200,1,0.0,0.0,False,,6_edge,,m_gt_n
m_gt_n,edge,pigeonhole,100,200,1,200,1,0.0,0.0,False,,6_edge,,m_gt_n
m_gt_n,edge,seed,100,200,1,200,1,0.0,0.0,False,,6_edge,,m_gt_n
k_ge_m,edge,brute,5000,4,4,4,4,,,True,,6_edge,,k_ge_m
k_ge_m,edge,sellers,5000,4,4,4,4,0.0,4997.0,False,,6_edge,,k_ge_m
k_ge_m,edge,pigeonhole,5000,4,4,4,4,12972.0,4997.0,False,,6_edge,,k_ge_m
k_ge_m,edge,seed,5000,4,4,4,4,0.0,771.0,False,,6_edge,,k_ge_m
no_match,edge,brute,5000,12,1,12,1,0.0,0.0,False,,6_edge,,no_match
no_match,edge,sellers,5000,12,1,12,1,0.0,0.0,False,,6_edge,,no_match
no_match,edge,pigeonhole,5000,12,1,12,1,0.0,0.0,False,,6_edge,,no_match
no_match,edge,seed,5000,12,1,12,1,0.0,0.0,False,,6_edge,,no_match
pattern_at_start,edge,brute,5000,20,1,20,1,0.0,2.0,False,,6_edge,,pattern_at_start
pattern_at_start,edge,sellers,5000,20,1,20,1,951.0,2.0,False,,6_edge,,pattern_at_start
pattern_at_start,edge,pigeonhole,5000,20,1,20,1,0.0,2.0,False,,6_edge,,pattern_at_start
pattern_at_start,edge,seed,5000,20,1,20,1,0.0,1.0,False,,6_edge,,pattern_at_start
pattern_at_end,edge,brute,5000,20,1,20,1,0.0,3.0,False,,6_edge,,pattern_at_end
pattern_at_end,edge,sellers,5000,20,1,20,1,252.0,2.0,False,,6_edge,,pattern_at_end
pattern_at_end,edge,pigeonhole,5000,20,1,20,1,0.0,2.0,False,,6_edge,,pattern_at_end
pattern_at_end,edge,seed,5000,20,1,20,1,3560.0,1.0,False,,6_edge,,pattern_at_end
pattern_eq_text,edge,brute,200,200,0,200,0,0.0,1.0,False,,6_edge,,pattern_eq_text
pattern_eq_text,edge,sellers,200,200,0,200,0,0.0,1.0,False,,6_edge,,pattern_eq_text
pattern_eq_text,edge,pigeonhole,200,200,0,200,0,0.0,1.0,False,,6_edge,,pattern_eq_text
pattern_eq_text,edge,seed,200,200,0,200,0,0.0,1.0,False,,6_edge,,pattern_eq_text
brute_worst,adversarial-targeted,brute,8000,16,2,16,2,3132.0,7985.0,False,,7_adversarial,,brute_worst
brute_worst,adversarial-targeted,sellers,8000,16,2,16,2,0.0,7985.0,False,,7_adversarial,,brute_worst
brute_worst,adversarial-targeted,pigeonhole,8000,16,2,16,2,65389.0,7985.0,False,,7_adversarial,,brute_worst
brute_worst,adversarial-targeted,seed,8000,16,2,16,2,2664.0,7985.0,False,,7_adversarial,,brute_worst
pigeon_worst,adversarial-targeted,brute,10000,16,3,16,3,6926.0,9986.0,False,,7_adversarial,,pigeon_worst
pigeon_worst,adversarial-targeted,sellers,10000,16,3,16,3,0.0,9985.0,False,,7_adversarial,,pigeon_worst
pigeon_worst,adversarial-targeted,pigeonhole,10000,16,3,16,3,56823.0,9985.0,False,,7_adversarial,,pigeon_worst
pigeon_worst,adversarial-targeted,seed,10000,16,3,16,3,3292.0,4993.0,False,,7_adversarial,,pigeon_worst
seed_worst,adversarial-targeted,brute,10000,20,2,20,2,7455.0,9982.0,False,,7_adversarial,,seed_worst
seed_worst,adversarial-targeted,sellers,10000,20,2,20,2,0.0,9981.0,False,,7_adversarial,,seed_worst
seed_worst,adversarial-targeted,pigeonhole,10000,20,2,20,2,49273.0,9981.0,False,,7_adversarial,,seed_worst
seed_worst,adversarial-targeted,seed,10000,20,2,20,2,5987.0,4991.0,False,,7_adversarial,,seed_worst
control_dna,adversarial-targeted,brute,10000,19,2,19,2,2786.0,1.0,False,,7_adversarial,,control_dna
control_dna,adversarial-targeted,sellers,10000,19,2,19,2,846.0,1.0,False,,7_adversarial,,control_dna
control_dna,adversarial-targeted,pigeonhole,10000,19,2,19,2,0.0,1.0,False,,7_adversarial,,control_dna
control_dna,adversarial-targeted,seed,10000,19,2,19,2,0.0,0.0,False,,7_adversarial,,control_dna
